tmdb_id,title,year,status,rt_url,rt_title,imdb_id,critics_score,critics_sentiment,audience_score,audience_sentiment,mpaa_rating
25449,New World Disorder 9: Never Enough,,ok,https://www.rottentomatoes.com/m/new_world_disorder,New World Disorder,,,,14,NEGATIVE,R
8,Life in Loops (A Megacities RMX),,ok,https://www.rottentomatoes.com/m/life_in_a_year,Life in a Year,,,,81,POSITIVE,PG-13
11,Star Wars,,ok,https://www.rottentomatoes.com/m/star_wars_the_mandalorian_and_grogu,Star Wars: The Mandalorian and Grogu,,60,POSITIVE,87,POSITIVE,PG-13
63,Twelve Monkeys,,ok,https://www.rottentomatoes.com/m/12_monkeys,12 Monkeys,,88,POSITIVE,88,POSITIVE,R
81,Warriors of the Wind,,ok,https://www.rottentomatoes.com/m/nausicaa_of_the_valley_of_the_wind,Nausicaä of the Valley of the Wind,,91,POSITIVE,91,POSITIVE,PG
101,Léon: The Professional,,ok,https://www.rottentomatoes.com/m/leon_the_professional,The Professional,,76,POSITIVE,95,POSITIVE,R
126,Short Working Day,,ok,https://www.rottentomatoes.com/m/short_working_day_1996,Short Working Day (Krotki dzien pracy) (1996),,,,67,POSITIVE,
135,Bob Dylan – Don't Look Back,,ok,https://www.rottentomatoes.com/m/dont_look_back_1967,Dont Look Back (1967),,92,POSITIVE,92,POSITIVE,
160,The Arrival of a Train at La Ciotat,,ok,https://www.rottentomatoes.com/m/at-the-mercy-of-a-stranger,At the Mercy of a Stranger,,,,40,NEGATIVE,TV-PG
171,The Party 2,,ok,https://www.rottentomatoes.com/m/la_boum_2_1982,La boum 2 (1982),,,,44,NEGATIVE,
189,Sin City: A Dame to Kill For,,ok,https://www.rottentomatoes.com/m/frank_millers_sin_city_a_dame_to_kill_for,Frank Miller's Sin City: A Dame to Kill For,,43,NEGATIVE,44,NEGATIVE,R
190,Das Dorf der Freundschaft,,ok,https://www.rottentomatoes.com/m/1022823-village_of_the_damned,Village of the Damned,,93,POSITIVE,78,POSITIVE,
222,Berlin: Symphony of a Great City,,ok,https://www.rottentomatoes.com/m/berlin-symphony-of-a-great-city,Berlin,,86,POSITIVE,81,POSITIVE,
270,Wir sagen Du! Schatz.,,ok,https://www.rottentomatoes.com/m/we_wont_say_goodbye,We Won't Say Goodbye,,,,,,
273,The White Sound,,ok,https://www.rottentomatoes.com/m/white_sound,Das Rauschen des Meeres,,,,86,POSITIVE,
286,Germany: A Summer's Fairytale,,ok,https://www.rottentomatoes.com/m/deutschland_ein_sommermarchen_2006,Deutschland: Ein Sommermaerchen (2006),,,,86,POSITIVE,
327,Brother,,ok,https://www.rottentomatoes.com/m/little_brother_2026,Little Brother (2026),,36,NEGATIVE,48,NEGATIVE,R
336,"Duck, You Sucker",,ok,https://www.rottentomatoes.com/m/duck_you_sucker,A Fistful of Dynamite,,92,POSITIVE,83,POSITIVE,PG
337,Monsieur Ibrahim,,ok,https://www.rottentomatoes.com/m/monsieur_ibrahim,Monsieur Ibrahim et les Fleurs du Coran,,86,POSITIVE,86,POSITIVE,R
344,"Bang, Boom, Bang",,ok,https://www.rottentomatoes.com/m/engine_sentai_go_onger_boom_boom_bang_bang_gekijobang,Engine Sentai Go-onger: Boom Boom! Bang Bang! GekijoBang!!,,,,,,
349,Cockles and Muscles,,ok,https://www.rottentomatoes.com/m/cote_dazur_2005,Mariscos Beach (2005),,54,NEGATIVE,60,POSITIVE,
395,AVP: Alien vs. Predator,,ok,https://www.rottentomatoes.com/m/alien_vs_predator,Alien vs. Predator,,21,NEGATIVE,39,NEGATIVE,PG-13
422,8½,,ok,https://www.rottentomatoes.com/m/super-8,Super 8½,,,,43,NEGATIVE,
442,Popular Music,,ok,https://www.rottentomatoes.com/m/taylor_macs_24_decade_history_of_popular_music,Taylor Mac's 24-Decade History of Popular Music,,100,POSITIVE,58,NEGATIVE,
454,Romeo + Juliet,,ok,https://www.rottentomatoes.com/m/771420477,Romeo Juliet,,,,,,
471,Brute,,ok,https://www.rottentomatoes.com/m/brute_1976,Brute 1976,,55,NEGATIVE,85,POSITIVE,
473,Pi,,ok,https://www.rottentomatoes.com/m/pillion,Pillion,,99,POSITIVE,89,POSITIVE,R
491,Ghetto-Kids,,ok,https://www.rottentomatoes.com/m/kids,Kids,,47,NEGATIVE,76,POSITIVE,
499,Cléo from 5 to 7,,ok,https://www.rottentomatoes.com/m/cleo_de_5_a_7,Cleo From 5 to 7,,93,POSITIVE,89,POSITIVE,
513,Fire,,ok,https://www.rottentomatoes.com/m/avatar_fire_and_ash,Avatar: Fire and Ash,,66,POSITIVE,90,POSITIVE,PG-13
530,A Grand Day Out,,ok,https://www.rottentomatoes.com/m/wallace_and_gromit_a_grand_day_out,Wallace & Gromit: A Grand Day Out,,100,POSITIVE,88,POSITIVE,
531,The Wrong Trousers,,ok,https://www.rottentomatoes.com/m/wallace_and_gromit_the_wrong_trousers,Wallace & Gromit in The Wrong Trousers,,100,POSITIVE,92,POSITIVE,
536,Stuttgart Shanghai,,ok,https://www.rottentomatoes.com/m/shanghai_noon,Shanghai Noon,,80,POSITIVE,65,POSITIVE,PG-13
538,Janine F.,,ok,https://www.rottentomatoes.com/m/the_doctors_daughter_1981,The Doctor's Daughter,,,,,,
542,The Crime of Padre Amaro,,ok,https://www.rottentomatoes.com/m/crime_of_padre_amaro,The Crime of Father Amaro,,63,POSITIVE,74,POSITIVE,R
572,Next Door,,ok,https://www.rottentomatoes.com/m/1130343-girl_next_door,The Girl Next Door,,56,NEGATIVE,69,POSITIVE,R
631,Sunrise: A Song of Two Humans,,ok,https://www.rottentomatoes.com/m/sunrise,Sunrise,,98,POSITIVE,92,POSITIVE,
658,Goldfinger,,ok,https://www.rottentomatoes.com/m/goldfinger,007: Goldfinger,,99,POSITIVE,89,POSITIVE,PG
667,You Only Live Twice,,ok,https://www.rottentomatoes.com/m/you_only_live_twice,007 - You Only Live Twice,,73,POSITIVE,69,POSITIVE,PG
697,October (Ten Days that Shook the World),,ok,https://www.rottentomatoes.com/m/october_1928,October (1928),,92,POSITIVE,77,POSITIVE,
761,The Wing or the Thigh?,,ok,https://www.rottentomatoes.com/m/laile_ou_la_cuisse,The Wing and the Thigh,,,,81,POSITIVE,
774,Workers Leaving the Lumière Factory,,ok,https://www.rottentomatoes.com/m/workers_leaving_the_factory,Workers Leaving the Factory,,,,,,
778,Monsieur Hulot's Holiday,,ok,https://www.rottentomatoes.com/m/mr_hulots_holiday,Mr. Hulot's Holiday,,100,POSITIVE,85,POSITIVE,
807,Se7en,,ok,https://www.rottentomatoes.com/m/se7en_days,Se7en days,,,,,,
832,M,,ok,https://www.rottentomatoes.com/m/project_hail_mary,Project Hail Mary,,95,POSITIVE,95,POSITIVE,PG-13
878,The Punch Bowl,,ok,https://www.rottentomatoes.com/m/the_pinch,The Pinch,,,,,,
882,Hen in a Boat,,ok,https://www.rottentomatoes.com/m/jingi-naki-tatakai-hiroshima-shito-henbattles-without-honor-and-humanity-deathmatch-in-hiroshima,Battles Without Honor and Humanity: Deadly Fight in Hiroshima,,,,88,POSITIVE,
894,Willenbrock,,ok,https://www.rottentomatoes.com/m/the_bug,The Bug: Life and Times of the People's Car,,,,,,
899,Broken Blossoms or The Yellow Man and the Girl,,ok,https://www.rottentomatoes.com/m/1003120-broken_blossoms,Broken Blossoms,,95,POSITIVE,71,POSITIVE,
932,The Murderers Are Among Us,,ok,https://www.rottentomatoes.com/m/murderers_are_among_us,Murderers Among Us,,83,POSITIVE,77,POSITIVE,
933,Hot Summer,,ok,https://www.rottentomatoes.com/m/hot_summer_nights,Hot Summer Nights,,46,NEGATIVE,58,NEGATIVE,R
977,Tabu: A Story of the South Seas,,ok,https://www.rottentomatoes.com/m/tabu,Tabu,,92,POSITIVE,77,POSITIVE,
979,Irreversible,,ok,https://www.rottentomatoes.com/m/irreversible,Irréversible,,60,POSITIVE,80,POSITIVE,
1018,Mulholland Drive,,ok,https://www.rottentomatoes.com/m/mulholland_dr,Mulholland Dr.,,83,POSITIVE,87,POSITIVE,R
1075,"Black Cat, White Cat",,ok,https://www.rottentomatoes.com/m/crna_macka_beli_macor,"Crna macka, beli macor",,82,POSITIVE,95,POSITIVE,R
1263,Die Aufschneider,,ok,https://www.rottentomatoes.com/m/good_luck_have_fun_dont_die,"Good Luck, Have Fun, Don't Die",,82,POSITIVE,84,POSITIVE,R
1283,Torrente: The Dumb Arm of the Law,,ok,https://www.rottentomatoes.com/m/torrente_the_dumb_arm_of_the_law,"Torrente, the Wrong Arm of the Law",,,,77,POSITIVE,
1364,Sex and Lucía,,ok,https://www.rottentomatoes.com/m/sex_and_lucia,Sex and Lucia,,71,POSITIVE,85,POSITIVE,R
1387,Superstar: The Karen Carpenter Story,,ok,https://www.rottentomatoes.com/m/superstar_the_karen_carpenter_story_2001,The Karen Carpenter Story,,100,POSITIVE,87,POSITIVE,TV-PG
1392,Born into Brothels: Calcutta's Red Light Kids,,ok,https://www.rottentomatoes.com/m/born_into_brothels,Born Into Brothels,,95,POSITIVE,91,POSITIVE,R
1396,Mirror,,ok,https://www.rottentomatoes.com/m/mirror_mirror_2012,Mirror Mirror (2012),,50,NEGATIVE,51,NEGATIVE,PG
1397,God's Ways,,ok,https://www.rottentomatoes.com/m/the_ways_of_man,The Ways of Man,,,,,,
1404,Ae Fond Kiss...,,ok,https://www.rottentomatoes.com/m/a_fond_kiss,Ae Fond Kiss ...,,88,POSITIVE,76,POSITIVE,R
1426,Maria am Wasser,,ok,https://www.rottentomatoes.com/m/the_super_mario_bros_movie,The Super Mario Bros. Movie,,59,NEGATIVE,95,POSITIVE,PG
1437,Abgefahren,,ok,https://www.rottentomatoes.com/m/tammy_2014,Tammy (2014),,24,NEGATIVE,36,NEGATIVE,R
1438,Regoch,,ok,https://www.rottentomatoes.com/m/everything_went_down,Everything Went Down,,,,,,
1448,Immortality,,ok,https://www.rottentomatoes.com/m/artificial_immortality,A.rtificial I.mmortality,,100,POSITIVE,,,
1484,The Deathmaker,,ok,https://www.rottentomatoes.com/m/deathmaster,The Deathmaster,,,,36,NEGATIVE,PG
1490,Singing Water,,ok,https://www.rottentomatoes.com/m/singing_guns,Singing Guns,,,,,,
1539,No Songs of Love,,ok,https://www.rottentomatoes.com/m/songs_of_love_from_hawaii,Songs of Love from Hawaii,,,,,,
1557,23,,ok,https://www.rottentomatoes.com/m/the_number_23,The Number 23,,7,NEGATIVE,56,NEGATIVE,R
1568,Carne,,ok,https://www.rottentomatoes.com/m/carne_propia,Carne propia,,,,,,
1589,The Boys & Girl from County Clare,,ok,https://www.rottentomatoes.com/m/the_boys_and_girl_from_county_clare_2004,The Boys From County Clare,,48,NEGATIVE,60,POSITIVE,R
1599,I ♥ Huckabees,,ok,https://www.rottentomatoes.com/m/i_heart_huckabees,I Heart Huckabees,,63,POSITIVE,75,POSITIVE,R
1600,The Double Life of Véronique,,ok,https://www.rottentomatoes.com/m/double_life_of_veronique,The Double Life of Veronique,,86,POSITIVE,91,POSITIVE,R
1612,Football Rules Ok,,ok,https://www.rottentomatoes.com/m/okolofutbola,Around Football,,,,73,POSITIVE,
1615,The Bunny Guards vs. the Forces of Evil,,ok,https://www.rottentomatoes.com/m/santo_vs_the_evil_brain,Santo vs. the Evil Brain,,,,,,
1616,Erkan & Stefan 3,,ok,https://www.rottentomatoes.com/m/erkan_and_stefan_vs_the_powers_of_darkness,Erkan and Stefan vs. the Powers of Darkness,,,,,,
1626,Vivre Sa Vie,,ok,https://www.rottentomatoes.com/m/my_life_to_live,My Life to Live,,92,POSITIVE,91,POSITIVE,
1629,La Chinoise,,ok,https://www.rottentomatoes.com/m/la_chinoise,The Chinese Girl,,95,POSITIVE,73,POSITIVE,
1650,Haytabo,,ok,https://www.rottentomatoes.com/m/anne_of_green_gables_the_continuing_story,Anne of Green Gables: The Good Stars,,,,68,POSITIVE,
1652,00 Schneider - Jagd auf Nihil Baxter,,ok,https://www.rottentomatoes.com/m/zero_dark_thirty,Zero Dark Thirty,,91,POSITIVE,80,POSITIVE,R
1655,Praxis Dr. Hasenbein,,ok,https://www.rottentomatoes.com/m/mulholland_dr,Mulholland Dr.,,83,POSITIVE,87,POSITIVE,R
1658,2 or 3 Things I Know About Him,,ok,https://www.rottentomatoes.com/m/2_or_3_things_i_know_about_him,Two or Three Things I Know About Him,,100,POSITIVE,77,POSITIVE,
1659,Texas - Doc Snyder hält die Welt in Atem,,ok,https://www.rottentomatoes.com/m/batman_the_movie,Batman,,80,POSITIVE,62,POSITIVE,PG
1670,The Horror of Blackwood Castle,,ok,https://www.rottentomatoes.com/m/torture_chamber_1967,The Torture Chamber of Dr. Sadism (1967),,,,39,NEGATIVE,PG
1684,Prinzessinnenbad,,ok,https://www.rottentomatoes.com/m/prinzessinnenbad-pool-of-princesses,Pool of Princesses,,,,83,POSITIVE,
1686,Chelsea Girls,,ok,https://www.rottentomatoes.com/m/chelsea_girls,The Chelsea Girls,,50,NEGATIVE,71,POSITIVE,
1739,Weißer Holunder,,ok,https://www.rottentomatoes.com/m/heatseeker,Heatseeker,,,,31,NEGATIVE,R
1802,La Cérémonie,,ok,https://www.rottentomatoes.com/m/1075705-ceremonie,A Judgment in Stone,,94,POSITIVE,87,POSITIVE,
1814,Schroeder's Wonderful World,,ok,https://www.rottentomatoes.com/m/konosuba_gods_blessing_on_this_wonderful_world_legend_of_crimson,KonoSuba - God's Blessing on This Wonderful World!: Legend of Crimson,,,,92,POSITIVE,
1829,The Story of Adèle H.,,ok,https://www.rottentomatoes.com/m/the_story_of_adele_h,The Story of Adele H,,93,POSITIVE,80,POSITIVE,PG
1837,The Secret,,ok,https://www.rottentomatoes.com/m/the_secret_agent_2025,The Secret Agent (2025),,98,POSITIVE,82,POSITIVE,R
1854,...But Johnny!,,ok,https://www.rottentomatoes.com/m/anyone_but_you_2023,Anyone But You (2023),,53,NEGATIVE,87,POSITIVE,R
1855,Le avventure e gli amori di Miguel Cervantes,,ok,https://www.rottentomatoes.com/m/scaramouche,The Loves and Times of Scaramouche,,,,,,PG
1868,Ankle Bone,,ok,https://www.rottentomatoes.com/m/the_drive_2025,The Drive (2025),,,,,,
1870,Fantomas Unleashed,,ok,https://www.rottentomatoes.com/m/fantomas-se-dechaine,Fantomas Strikes Back,,,,68,POSITIVE,
1881,Les yeux dans les Bleus,,ok,https://www.rottentomatoes.com/m/eyes_in_the_night,Eyes in the Night,,,,45,NEGATIVE,
1884,The Ewok Adventure,,ok,https://www.rottentomatoes.com/m/caravan_of_courage_an_ewok_adventure,Caravan of Courage: An Ewok Adventure,,39,NEGATIVE,43,NEGATIVE,
1889,Make Your Bets Ladies,,ok,https://www.rottentomatoes.com/m/make_your_move_2013,Make Your Move (2013),,38,NEGATIVE,48,NEGATIVE,PG-13
1891,The Empire Strikes Back,,ok,https://www.rottentomatoes.com/m/star_wars_episode_v_the_empire_strikes_back,Star Wars: Episode V - The Empire Strikes Back,,93,POSITIVE,97,POSITIVE,PG
1892,Return of the Jedi,,ok,https://www.rottentomatoes.com/m/star_wars_episode_vi_return_of_the_jedi,Star Wars: Episode VI - Return of the Jedi,,83,POSITIVE,94,POSITIVE,PG
1896,Salvador (Puig Antich),,ok,https://www.rottentomatoes.com/m/10006953-salvador,Salvador,,,,83,POSITIVE,
1905,Die Bettwurst,,ok,https://www.rottentomatoes.com/m/good_luck_have_fun_dont_die,"Good Luck, Have Fun, Don't Die",,82,POSITIVE,84,POSITIVE,R
1910,SommerHundeSöhne,,ok,https://www.rottentomatoes.com/m/slight_changes_of_temperature_and_mind,Slight Changes of Temperature and Mind,,,,,,
1912,Reclaim Your Brain,,ok,https://www.rottentomatoes.com/m/reclaim_your_brain,Free Rainer,,,,72,POSITIVE,
1915,"Manta, Manta",,ok,https://www.rottentomatoes.com/m/manta_manta_legacy_2023,"Manta, Manta: Legacy (2023)",,,,,,
1918,Or (My Treasure),,ok,https://www.rottentomatoes.com/m/or,Or,,73,POSITIVE,75,POSITIVE,
1926,September 11,,ok,https://www.rottentomatoes.com/m/11_settembre_1683,The Day of the Siege: September Eleven 1683,,,,39,NEGATIVE,R
1991,Death Proof,,ok,https://www.rottentomatoes.com/m/death_proof,Grindhouse Presents: Death Proof,,66,POSITIVE,71,POSITIVE,
2033,Infinity,,ok,https://www.rottentomatoes.com/m/demon_slayer_kimetsu_no_yaiba_infinity_castle,Demon Slayer: Kimetsu no Yaiba Infinity Castle,,98,POSITIVE,98,POSITIVE,R
2038,Iron Eagle III,,ok,https://www.rottentomatoes.com/m/aces_iron_eagle_iii,Aces: Iron Eagle III,,14,NEGATIVE,24,NEGATIVE,R
2070,Love in 4 Easy Lessons,,ok,https://www.rottentomatoes.com/m/love_in_a_four_letter_world,Love in a Four-Letter World,,,,,,R
2072,Cyberjack,,ok,https://www.rottentomatoes.com/m/cyberjack,Virtual Assassin,,,,16,NEGATIVE,R
2083,Guitar Men: The Darkest Secret of Rock 'n Roll,,ok,https://www.rottentomatoes.com/m/the_big_beat_fats_domino_and_the_birth_of_rock_n_roll,The Big Beat: Fats Domino and the Birth of Rock 'n' Roll,,,,,,
2097,"Gappa, the Triphibian Monster",,ok,https://www.rottentomatoes.com/m/monster_from_a_prehistoric_planet,Monster From a Prehistoric Planet,,,,15,NEGATIVE,PG
2101,The Brother from Space,,ok,https://www.rottentomatoes.com/m/the_brother_from_another_planet,The Brother From Another Planet,,89,POSITIVE,75,POSITIVE,R
2106,Hot Enough for June,,ok,https://www.rottentomatoes.com/m/dune_part_two,Dune: Part Two,,92,POSITIVE,95,POSITIVE,PG-13
2111,Balzac and the Little Chinese Seamstress,,ok,https://www.rottentomatoes.com/m/balzac_and_the_little_chinese_seamstress,The Little Chinese Seamstress,,77,POSITIVE,83,POSITIVE,
2120,Cedric,,ok,https://www.rottentomatoes.com/m/omar_and_cedric_if_this_ever_gets_weird,Omar & Cedric: If This Ever Gets Weird,,,,,,
2136,Hangin' Out,,ok,https://www.rottentomatoes.com/m/hangin_with_the_homeboys,Hangin' With the Homeboys,,93,POSITIVE,68,POSITIVE,R
2137,The Storm Riders,,ok,https://www.rottentomatoes.com/m/the-storm-riders,The Stormriders,,100,POSITIVE,66,POSITIVE,PG-13
2138,Berlin Snuff - Straßen der Gewalt,,ok,https://www.rottentomatoes.com/m/a_dirty_carnival,A Dirty Carnival,,,,84,POSITIVE,
2145,Feel the Motion,,ok,https://www.rottentomatoes.com/m/star_trek_the_motion_picture,Star Trek: The Motion Picture,,51,NEGATIVE,42,NEGATIVE,G
2147,The Flickering Flame,,ok,https://www.rottentomatoes.com/m/keeper_of_the_flame,Keeper of the Flame,,,,70,POSITIVE,
2152,Dixie Chicks: Shut Up and Sing,,ok,https://www.rottentomatoes.com/m/dixie_chicks_shut_up_and_sing,Shut Up and Sing,,89,POSITIVE,86,POSITIVE,R
2169,Manta - Der Film,,ok,https://www.rottentomatoes.com/m/the_fourth_angel,The Fourth Angel,,,,27,NEGATIVE,R
2170,Une glace avec deux boules...,,ok,https://www.rottentomatoes.com/m/a_cage_two_birds,Une cage deux oiseaux,,,,,,
2173,Big Wind on Campus,,ok,https://www.rottentomatoes.com/m/big_wind_on_campus,F.A.R.T.: The Movie,,,,,,R
2175,Wirklich alles?!,,ok,https://www.rottentomatoes.com/m/a_toy_story_alles_hort_auf_kein_kommando,A Toy Story: Alles hört auf kein Kommando,,,,,,G
2177,Falco - L.I.V.E Donauinsel + Stadthalle Wien,,ok,https://www.rottentomatoes.com/m/billie_eilish_hit_me_hard_and_soft_the_tour_live_in_3d,Billie Eilish - Hit Me Hard and Soft: The Tour (Live in 3D),,91,POSITIVE,97,POSITIVE,PG-13
2178,The Battle of The Alamo,,ok,https://www.rottentomatoes.com/m/the_battle_of_el_alamein_1968,The Battle of El Alamein,,,,18,NEGATIVE,PG
2181,The Small White Mouse,,ok,https://www.rottentomatoes.com/m/the_white_tiger_2020,The White Tiger,,91,POSITIVE,79,POSITIVE,R
2184,Maus und Katz,,ok,https://www.rottentomatoes.com/m/continental_divide,Continental Divide,,73,POSITIVE,54,NEGATIVE,PG
2187,Alles nur Tarnung,,ok,https://www.rottentomatoes.com/m/1105214-camouflage,Camouflage,,,,17,NEGATIVE,R
2188,The Corrs: Live at Lansdowne Road,,ok,https://www.rottentomatoes.com/m/the_suspicions_of_mr_whicher_the_murder_at_road_hill_house,The Suspicions of Mr. Whicher: The Murder at Road Hill House,,,,,,
2192,Temple of the White Elephant,,ok,https://www.rottentomatoes.com/m/temple_of_the_white_elephants,Temple of the White Elephants,,,,,,
2195,Beste Zeit,,ok,https://www.rottentomatoes.com/m/1002178-best_of_times,The Best of Times,,29,NEGATIVE,43,NEGATIVE,PG-13
2198,"Himmel, Scheich und Wolkenbruch",,ok,https://www.rottentomatoes.com/m/zwischen_himmel_und_erde_anthroposophie_heute,Zwischen Himmel und Erde - Anthroposophie Heute,,,,,,
2203,Für ein paar Filme mehr...,,ok,https://www.rottentomatoes.com/m/for_a_few_dollars_more,For a Few Dollars More,,92,POSITIVE,94,POSITIVE,R
2205,Real Men Don't Eat Gummi Bears,,ok,https://www.rottentomatoes.com/m/dead_men_dont_wear_plaid,Dead Men Don't Wear Plaid,,71,POSITIVE,72,POSITIVE,PG
2206,Richy Guitar,,ok,https://www.rottentomatoes.com/m/johnny_guitar,Johnny Guitar,,94,POSITIVE,85,POSITIVE,
2209,Bird Waking Weather,,ok,https://www.rottentomatoes.com/m/lady_bird,Lady Bird,,99,POSITIVE,79,POSITIVE,R
2213,Zerschmetterte Träume - Eine Liebe in Fesseln,,ok,https://www.rottentomatoes.com/m/1093905-onegin,Onegin,,48,NEGATIVE,71,POSITIVE,R
2214,Heimliche Ehen,,ok,https://www.rottentomatoes.com/m/when_the_bough_breaks_2016,When the Bough Breaks (2016),,12,NEGATIVE,45,NEGATIVE,PG-13
2215,Star-Crossed Lovers,,ok,https://www.rottentomatoes.com/m/star_crossed_lovers,Star Crossed Lovers,,,,,,
2217,...And Your Love Too,,ok,https://www.rottentomatoes.com/m/y_tu_mama_tambien,Y tu mamá también,,90,POSITIVE,88,POSITIVE,
2218,Die Hosen des Ritters von Bredow,,ok,https://www.rottentomatoes.com/m/sword_in_the_shadows,Sword in the Shadows,,,,,,
2220,Janus Head,,ok,https://www.rottentomatoes.com/m/der-januskopf-dr-jekyll-and-mr-hyde-the-head-of-janus,Dr. Jekyll and Mr. Hyde,,,,,,
2221,Eddie Cochran & Friends: C'mon Everybody,,ok,https://www.rottentomatoes.com/m/thomas_and_friends_sodors_legend_of_the_lost_treasure,Thomas & Friends: Sodor's Legend of the Lost Treasure,,80,POSITIVE,77,POSITIVE,
2223,Preludio 11,,ok,https://www.rottentomatoes.com/m/oceans_eleven,Ocean's Eleven,,83,POSITIVE,80,POSITIVE,PG-13
2225,Alaska - Foxes,,ok,https://www.rottentomatoes.com/m/mystery_alaska,"Mystery, Alaska",,36,NEGATIVE,66,POSITIVE,R
2226,A Lord of Alexander Square,,ok,https://www.rottentomatoes.com/m/bloodlines_legacy_of_a_lord,Bloodlines: Legacy of a Lord,,,,,,
2228,Carnations in Aspic,,ok,https://www.rottentomatoes.com/m/dandy_in_aspic,A Dandy in Aspic,,,,52,NEGATIVE,R
2229,The Flight,,ok,https://www.rottentomatoes.com/m/1007555-flight_of_the_phoenix,The Flight of the Phoenix,,86,POSITIVE,81,POSITIVE,
2231,Kit & Co.,,ok,https://www.rottentomatoes.com/m/the_curse_and_the_covenant,The Curse and the Covenant,,,,,,
2233,Love's Confusion,,ok,https://www.rottentomatoes.com/m/just_wright,Just Wright,,47,NEGATIVE,61,POSITIVE,PG
2234,At a French Fireside,,ok,https://www.rottentomatoes.com/m/decision_at_sundown,Decision at Sundown,,100,POSITIVE,76,POSITIVE,
2236,Bob Dylan - TV Live & Rare 1963 - 1975,,ok,https://www.rottentomatoes.com/m/the-other-side-of-the-mirror-bob-dylan-newport-19631965,The Other Side of the Mirror - Bob Dylan Newport 1963-1965,,100,POSITIVE,95,POSITIVE,
2237,Sunday Drivers,,ok,https://www.rottentomatoes.com/m/sunday_driver,Sunday Driver,,,,,,R
2238,Juke Box Revival - Rock'n'Roll Vol. 2,,ok,https://www.rottentomatoes.com/m/tales_from_pandoras_box_vol_ii,"Tales From Pandora's Box, Vol. II",,,,,,
2240,Unterm Birnbaum,,ok,https://www.rottentomatoes.com/m/broken_dreams_2017,Broken Dreams (2017),,,,,,
2241,Sonnenallee,,ok,https://www.rottentomatoes.com/m/sun_alley,Sun Alley,,,,81,POSITIVE,
2242,Julia lebt,,ok,https://www.rottentomatoes.com/m/prom_dates,Prom Dates,,39,NEGATIVE,87,POSITIVE,
2250,The Adventures of Werner Holt,,ok,https://www.rottentomatoes.com/m/adventures_of_sherlock_holmes,The Adventures of Sherlock Holmes,,80,POSITIVE,78,POSITIVE,
2254,Entlassen auf Bewährung,,ok,https://www.rottentomatoes.com/m/gridiron_gang,Gridiron Gang,,44,NEGATIVE,81,POSITIVE,PG-13
2257,Chronicle of a Murder,,ok,https://www.rottentomatoes.com/m/yann_piat_a_chronicle_of_murder,Yann Piat: A Chronicle of Murder,,,,,,
2282,A Nos Amours,,ok,https://www.rottentomatoes.com/m/a_nos_amours,To Our Loves,,89,POSITIVE,80,POSITIVE,R
2286,Crusade in Jeans,,ok,https://www.rottentomatoes.com/m/kruistocht-in-spijkerbroek-crusade-in-jeans,Crusade: A March Through Time,tt0381111,,,45,NEGATIVE,PG
2296,Kein Mann für Camp Detrick,,ok,https://www.rottentomatoes.com/m/i_am_not_an_easy_man,I Am Not an Easy Man,,,,71,POSITIVE,
2298,The Film Narrator,,ok,https://www.rottentomatoes.com/m/anne_the_film,Anne+: The Film,,,,40,NEGATIVE,
2299,The Light,,ok,https://www.rottentomatoes.com/m/dont_turn_out_the_lights,Don't Turn Out the Lights,,,,26,NEGATIVE,
2301,Collin,,ok,https://www.rottentomatoes.com/m/speed_demon,Speed Demon,,,,41,NEGATIVE,R
2303,Conversation with the Beast,,ok,https://www.rottentomatoes.com/m/conversation_with_the_devil,Conversation with the Devil,,,,,,
2316,The Story of an African Farm,,ok,https://www.rottentomatoes.com/m/bustin_bonaparte,Bustin' Bonaparte,,,,25,NEGATIVE,PG
2336,King Kongs Faust,,ok,https://www.rottentomatoes.com/m/destruction_kings,Destruction Kings,,,,67,POSITIVE,
2337,Va Banque,,ok,https://www.rottentomatoes.com/m/runner_runner,Runner Runner,,8,NEGATIVE,33,NEGATIVE,R
2371,Teheran '43,,ok,https://www.rottentomatoes.com/m/assassination_attempt,Teheran 43: Spy Ring,,,,57,NEGATIVE,
2373,My Uncle Benjamin,,ok,https://www.rottentomatoes.com/m/my_uncle_jens,My Uncle Jens,,,,,,
2374,Le radeau de la Méduse,,ok,https://www.rottentomatoes.com/m/raft-of-the-medusa,The Raft of the Medusa,,,,,,
2375,Prêtres interdits,,ok,https://www.rottentomatoes.com/m/forbidden_games_2015,Forbidden Games,,100,POSITIVE,92,POSITIVE,
2376,Le Pion,,ok,https://www.rottentomatoes.com/m/the_good_old_boys,The Good Old Boys,,,,62,POSITIVE,TV-PG
2378,The Island of Thirty Coffins,,ok,https://www.rottentomatoes.com/m/1072156-island_of_dr_moreau,The Island of Dr. Moreau,,23,NEGATIVE,20,NEGATIVE,PG-13
2381,Lenin in Paris,,ok,https://www.rottentomatoes.com/m/midnight_in_paris,Midnight in Paris,,93,POSITIVE,83,POSITIVE,PG-13
2386,The Collector of Brains,,ok,https://www.rottentomatoes.com/m/the_marriage_of_maria_braun,The Marriage of Maria Braun,,93,POSITIVE,90,POSITIVE,R
2387,Tableau d'honneur,,ok,https://www.rottentomatoes.com/m/list_of_merite,List of Merite,,,,,,
2388,À San Remo,,ok,https://www.rottentomatoes.com/m/homeward_bound_2_lost_in_san_francisco,Homeward Bound II: Lost in San Francisco,,56,NEGATIVE,45,NEGATIVE,G
2389,Sous le signe de Monte-Cristo,,ok,https://www.rottentomatoes.com/m/le_comte_de_monte_cristo_la_vengeance,Le comte de Monte-Cristo: la vengeance,,,,,,
2390,L'Homme qui n'était pas là,,ok,https://www.rottentomatoes.com/m/man_who_wasnt_there,The Man Who Wasn't There,,81,POSITIVE,85,POSITIVE,R
2392,Special Killers,,ok,https://www.rottentomatoes.com/m/killers_of_the_flower_moon,Killers of the Flower Moon,,93,POSITIVE,84,POSITIVE,R
2394,Without Family,,ok,https://www.rottentomatoes.com/m/sans-famille-without-family,The Adventures of Remi,,,,50,NEGATIVE,
2398,Les Anneaux de Bicêtre,,ok,https://www.rottentomatoes.com/m/the_lord_of_the_rings_the_two_towers,The Lord of the Rings: The Two Towers,,95,POSITIVE,95,POSITIVE,PG-13
2399,Hitchhiker: Windows,,ok,https://www.rottentomatoes.com/m/hitchhikers_guide_to_the_galaxy,The Hitchhiker's Guide to the Galaxy,,61,POSITIVE,65,POSITIVE,PG
2401,Cape of the North,,ok,https://www.rottentomatoes.com/m/norm_of_the_north,Norm of the North,,6,NEGATIVE,22,NEGATIVE,PG
2402,Scénarios sur la drogue,,ok,https://www.rottentomatoes.com/m/a_demain_sur_la_lune,À demain sur la Lune,,,,,,
2410,A Spiral of Mist,,ok,https://www.rottentomatoes.com/m/anvil_the_story_of_anvil,Anvil! The Story of Anvil,,98,POSITIVE,90,POSITIVE,
2414,Evil Pleasure,,ok,https://www.rottentomatoes.com/m/treasure_of_jamaica_reef,The Treasure of Jamaica Reef,,,,0,NEGATIVE,PG
2415,La Passion de Camille et Lucile Desmoulins,,ok,https://www.rottentomatoes.com/m/love_and_mercy,Love & Mercy,,90,POSITIVE,85,POSITIVE,PG-13
2416,André Chénier and the Young Captive,,ok,https://www.rottentomatoes.com/m/the_voyages_of_young_doctor_dolittle,The Voyages of Young Doctor Dolittle,,,,,,G
2417,Une petite fille dans les tournesols,,ok,https://www.rottentomatoes.com/m/molly_an_american_girl,Molly: An American Girl on the Home Front,,,,68,POSITIVE,
2429,Trop c'est trop,,ok,https://www.rottentomatoes.com/m/say_it_isnt_so,Say It Isn't So,,9,NEGATIVE,32,NEGATIVE,R
2431,Lise and Laura,,ok,https://www.rottentomatoes.com/m/sex_lies_and_videotape,"Sex, Lies, and Videotape",,96,POSITIVE,79,POSITIVE,R
2435,Solo mía,,ok,https://www.rottentomatoes.com/m/only_mine_2019,Only Mine,,,,26,NEGATIVE,
2437,Le bahut va craquer,,ok,https://www.rottentomatoes.com/m/mais_y_va_ou_le_monde,Mais y va où le monde ?,,,,,,
2443,The Spider Woman,,ok,https://www.rottentomatoes.com/m/kiss_of_the_spider_woman_2025,Kiss of the Spider Woman (2025),,76,POSITIVE,67,POSITIVE,R
2448,Le Bonheur des autres,,ok,https://www.rottentomatoes.com/m/le_bonheur_des_autres,The Happiness of Others,,,,,,
2449,Porté disparu,,ok,https://www.rottentomatoes.com/m/1014007-missing,Missing,,94,POSITIVE,85,POSITIVE,PG
2452,Mamie Rose,,ok,https://www.rottentomatoes.com/m/talking_story,Talking Story,,,,,,
2456,La Mandragore,,ok,https://www.rottentomatoes.com/m/mandrake_2010,Mandrake (2010),,,,12,NEGATIVE,
2460,Earth,,ok,https://www.rottentomatoes.com/m/earth_wind_and_fire_to_be_celestial_vs_thats_the_weight_of_the_world,"Earth, Wind & Fire (To Be Celestial vs. That's the Weight of the World)",,100,POSITIVE,,,
2470,Belle Époque,,ok,https://www.rottentomatoes.com/m/la_belle_epoque,La belle époque,,90,POSITIVE,85,POSITIVE,R
2525,The Bible: In the Beginning...,,ok,https://www.rottentomatoes.com/m/the_bible,The Bible,,33,NEGATIVE,55,NEGATIVE,
2538,"Hi, Are You Alone?",,ok,https://www.rottentomatoes.com/m/hola-estas-sola-hi-are-you-alone,"Hola, ¿estás sola?",,,,57,NEGATIVE,
2546,Zazie dans le Métro,,ok,https://www.rottentomatoes.com/m/zazie-dans-le-metro-zazie-in-the-subway,Zazie in the Subway,,78,POSITIVE,77,POSITIVE,
2646,Aces Go Places III: Our Man from Bond Street,,ok,https://www.rottentomatoes.com/m/zuijia_paidang_zhi_nuhuang_miling,Mad Mission 3: Our Man From Bond Street,,,,34,NEGATIVE,
2647,Aces Go Places IV: You Never Die Twice,,ok,https://www.rottentomatoes.com/m/aces_go_places_4,Aces Go Places IV,,,,39,NEGATIVE,
2671,Ring,,ok,https://www.rottentomatoes.com/m/the_lord_of_the_rings_the_fellowship_of_the_ring,The Lord of the Rings: The Fellowship of the Ring,,91,POSITIVE,95,POSITIVE,PG-13
2672,Il y a longtemps que je t'aime,,ok,https://www.rottentomatoes.com/m/ive_loved_you_so_long,I've Loved You So Long,,89,POSITIVE,85,POSITIVE,PG-13
2696,Gucha!,,ok,https://www.rottentomatoes.com/m/guha,Guha,,,,,,
2701,Abraham,,ok,https://www.rottentomatoes.com/m/abraham_lincoln_vampire_hunter,Abraham Lincoln: Vampire Hunter,,34,NEGATIVE,50,NEGATIVE,R
2707,Saint Paul,,ok,https://www.rottentomatoes.com/m/murder_in_saint_paul_de_vence,Murder in Saint Paul de Vence,,,,,,
2722,The Other Side of the Bed,,ok,https://www.rottentomatoes.com/m/the_other_side_of_the_bed,The Wrong Side of the Bed,,49,NEGATIVE,65,POSITIVE,R
2735,Monsieur seul,,ok,https://www.rottentomatoes.com/m/spycies,Spycies,,43,NEGATIVE,54,NEGATIVE,
2747,"fl 19,99",,ok,https://www.rottentomatoes.com/m/brawl_in_cell_block_99,Brawl in Cell Block 99,,90,POSITIVE,73,POSITIVE,
2748,Journey to Italy,,ok,https://www.rottentomatoes.com/m/journey-to-italy-viaggio-in-italia,Voyage to Italy,,96,POSITIVE,74,POSITIVE,
2760,The Lodger: A Story of the London Fog,,ok,https://www.rottentomatoes.com/m/1044925-lodger,The Lodger,,96,POSITIVE,77,POSITIVE,
2772,Florida - Der Sonnenstaat,,ok,https://www.rottentomatoes.com/m/the_florida_project,The Florida Project,,96,POSITIVE,81,POSITIVE,R
2773,Ägypten - Nil und Pyramiden,,ok,https://www.rottentomatoes.com/m/the_square_2013,The Square (2013),,100,POSITIVE,89,POSITIVE,
2774,Nationalparks der USA,,ok,https://www.rottentomatoes.com/m/elian,Elián,,100,POSITIVE,69,POSITIVE,
2775,Karibik Träume,,ok,https://www.rottentomatoes.com/m/die_frau_meiner_traume,Die Frau meiner Träume,,,,,,
2776,Die Inseln Hawaii,,ok,https://www.rottentomatoes.com/m/the_islands_and_the_whales,The Islands and the Whales,,100,POSITIVE,57,NEGATIVE,
2784,A Mad Idea,,ok,https://www.rottentomatoes.com/m/furiosa_a_mad_max_saga,Furiosa: A Mad Max Saga,,90,POSITIVE,88,POSITIVE,R
2792,The Testament of Cornelius Gulden,,ok,https://www.rottentomatoes.com/m/the_testament_of_ann_lee,The Testament of Ann Lee,,86,POSITIVE,82,POSITIVE,R
2793,Voglia di Volare,,ok,https://www.rottentomatoes.com/m/voglia_di_vivere,Voglia di vìvere,,,,,,
2797,Nous ne l'avons pas assez aimée,,ok,https://www.rottentomatoes.com/m/1023286-were_no_angels,We're No Angels,,48,NEGATIVE,41,NEGATIVE,PG-13
2800,Rumor Has It...,,ok,https://www.rottentomatoes.com/m/rumor_has_it,Rumor Has It ...,,21,NEGATIVE,41,NEGATIVE,PG-13
2802,De Arm Van Jezus,,ok,https://www.rottentomatoes.com/m/in-my-skin,In My Skin,,66,POSITIVE,64,POSITIVE,
2804,De IJzeren Hond,,ok,https://www.rottentomatoes.com/m/snuf_de_hond_en_het_spookslot,Snuf de hond en het spookslot,,,,,,
2807,Jongens van de Landbouwschool,,ok,https://www.rottentomatoes.com/m/koning_van_de_wereld,Koning van de wereld,,,,,,
2813,Violette Nozière,,ok,https://www.rottentomatoes.com/m/violette,Violette,,80,POSITIVE,65,POSITIVE,R
2815,Les Oiseaux de la lune,,ok,https://www.rottentomatoes.com/m/dune_part_two,Dune: Part Two,,92,POSITIVE,95,POSITIVE,PG-13
2819,Groupe Flag: Vrai ou faux,,ok,https://www.rottentomatoes.com/m/le_vrai_du_faux,Real Lies,,,,36,NEGATIVE,
2820,Deed Poll,,ok,https://www.rottentomatoes.com/m/sorority_stalker,Sorority Stalker,,,,,,TV-14
2821,Glastage,,ok,https://www.rottentomatoes.com/m/blessed_boys,Blessed Boys,,,,,,
2824,Die Mondvögel,,ok,https://www.rottentomatoes.com/m/good_luck_have_fun_dont_die,"Good Luck, Have Fun, Don't Die",,82,POSITIVE,84,POSITIVE,R
2837,Fou comme François,,ok,https://www.rottentomatoes.com/m/i_will_walk_like_a_crazy_horse,J'irai Comme un Cheval Fou,,,,73,POSITIVE,
2840,La Grotte aux loups,,ok,https://www.rottentomatoes.com/m/alpha_and_omega_the_legend_of_the_saw_tooth_cave,Alpha and Omega: The Legend of the Saw Tooth Cave,,,,65,POSITIVE,
2845,La silla,,ok,https://www.rottentomatoes.com/m/la_silla_vacia,La silla vacía,,,,,,
2846,Zwischen Flieder wandern und singen,,ok,https://www.rottentomatoes.com/m/zwischen_himmel_und_erde_anthroposophie_heute,Zwischen Himmel und Erde - Anthroposophie Heute,,,,,,
2847,Scherzo,,ok,https://www.rottentomatoes.com/m/sword_art_online_the_movie_progressive_scherzo_of_deep_night,Sword Art Online the Movie: Progressive - Scherzo of Deep Night,,42,NEGATIVE,92,POSITIVE,
2849,Prélude,,ok,https://www.rottentomatoes.com/m/fruits_basket_prelude,Fruits Basket: Prelude,,42,NEGATIVE,96,POSITIVE,
2852,Stuart Dee,,ok,https://www.rottentomatoes.com/m/the_truth_on_trial,The Truth on Trial,,,,,,
2854,Before The Concert,,ok,https://www.rottentomatoes.com/m/before_the_devil_knows_youre_dead,Before the Devil Knows You're Dead,,89,POSITIVE,72,POSITIVE,R
2855,The Man with the Objective Lens,,ok,https://www.rottentomatoes.com/m/wrong_is_right,Wrong Is Right,,27,NEGATIVE,38,NEGATIVE,R
2856,Half Past Ten,,ok,https://www.rottentomatoes.com/m/dark_half,The Dark Half,,55,NEGATIVE,42,NEGATIVE,R
2857,Der Mann im Keller,,ok,https://www.rottentomatoes.com/m/1037780-man_in_the_moon,The Man in the Moon,,91,POSITIVE,85,POSITIVE,PG-13
2858,Blues,,ok,https://www.rottentomatoes.com/m/blues_brothers,The Blues Brothers,,72,POSITIVE,92,POSITIVE,R
2859,Forever Never Anywhere,,ok,https://www.rottentomatoes.com/m/1195916-never_forever,Never Forever,,80,POSITIVE,71,POSITIVE,R
2890,André Hazes: She Believes in Me,,ok,https://www.rottentomatoes.com/m/andre_hazes_zij_gelooft_in_mij,"André Hazes, zij gelooft in mij",,,,,,
2899,Asterix & Obelix: Mission Cleopatra,,ok,https://www.rottentomatoes.com/m/mission_impossible_dead_reckoning_part_one,Mission: Impossible - Dead Reckoning Part One,,96,POSITIVE,94,POSITIVE,PG-13
2901,Atash,,ok,https://www.rottentomatoes.com/m/the_red_trauma,The Red Trauma,,,,,,
2903,Au petit Marguery,,ok,https://www.rottentomatoes.com/m/au-petit-marguery,Au Petite Marguery,,,,,,
2908,Visiting Van Gogh,,ok,https://www.rottentomatoes.com/m/van_gogh,Van Gogh,,77,POSITIVE,67,POSITIVE,R
2914,Chemistry and Love,,ok,https://www.rottentomatoes.com/m/assassin_x,Assassin X,,,,20,NEGATIVE,
2956,The Artificial Man,,ok,https://www.rottentomatoes.com/m/blow_the_man_down,Blow the Man Down,,99,POSITIVE,74,POSITIVE,R
2957,The Mysterious Book,,ok,https://www.rottentomatoes.com/m/hamtaro_the_mysterious_ogres_picture_book_tower,Hamtaro: The Mysterious Ogre's Picture Book Tower,,,,,,
2958,The Love Tragedy of the Homunculus,,ok,https://www.rottentomatoes.com/m/in_the_name_of_love_a_texas_tragedy,In the Name of Love: A Texas Tragedy,,,,89,POSITIVE,TV-PG
2960,The Revenge of the Homunculus,,ok,https://www.rottentomatoes.com/m/la_revanche_des_crevettes_pailletees,The Revenge of the Shiny Shrimps,,,,,,
2961,The Destruction of Mankind,,ok,https://www.rottentomatoes.com/m/white_light_black_rain,White Light/Black Rain: The Destruction of Hiroshima and Nagasaki,,100,POSITIVE,95,POSITIVE,
2962,The End of the Homunculus,,ok,https://www.rottentomatoes.com/m/do_not_expect_too_much_from_the_end_of_the_world,Do Not Expect Too Much from the End of the World,,96,POSITIVE,71,POSITIVE,
2967,Alraune,,ok,https://www.rottentomatoes.com/m/alraune,Alraune (A Daughter of Destiny) (Mandrake) (Unholy Love),,,,57,NEGATIVE,
2970,Alraune,,ok,https://www.rottentomatoes.com/m/alraune,Alraune (A Daughter of Destiny) (Mandrake) (Unholy Love),,,,57,NEGATIVE,
2972,The Golem: How He Came into the World,,ok,https://www.rottentomatoes.com/m/golem,The Golem,,100,POSITIVE,72,POSITIVE,
2991,A Diary of a Murderess,,ok,https://www.rottentomatoes.com/m/the_diary_of_a_murderess,The Diary of a Murderess,,,,,,
3015,The Head of Janus,,ok,https://www.rottentomatoes.com/m/der-januskopf-dr-jekyll-and-mr-hyde-the-head-of-janus,Dr. Jekyll and Mr. Hyde,,,,,,
3025,The Two Faces of Dr. Jekyll,,ok,https://www.rottentomatoes.com/m/two_faces_of_dr_jekyll,House of Fright,,83,POSITIVE,49,NEGATIVE,
3026,Experiment in Evil,,ok,https://www.rottentomatoes.com/m/the_crusaders_357_experiment_in_evil,The Crusaders #357: Experiment in Evil!,,,,,,
3029,The End of the World,,ok,https://www.rottentomatoes.com/m/do_not_expect_too_much_from_the_end_of_the_world,Do Not Expect Too Much from the End of the World,,96,POSITIVE,71,POSITIVE,
3043,Flesh for Frankenstein,,ok,https://www.rottentomatoes.com/m/andy_warhols_frankenstein,Andy Warhol's Frankenstein,,88,POSITIVE,55,NEGATIVE,R
3048,The Great Global Warming Swindle,,ok,https://www.rottentomatoes.com/m/great_warming,The Great Warming,,63,POSITIVE,86,POSITIVE,
3053,The Fearless Vampire Killers,,ok,https://www.rottentomatoes.com/m/the_fearless_vampire_killers,"The Fearless Vampire Killers or: Pardon Me, but Your Teeth Are in My Neck",,73,POSITIVE,75,POSITIVE,
3059,Intolerance: Love's Struggle Throughout the Ages,,ok,https://www.rottentomatoes.com/m/1010644-intolerance,Intolerance,,98,POSITIVE,76,POSITIVE,
3066,The Monster of Frankenstein,,ok,https://www.rottentomatoes.com/m/daimajin-majin-the-monster-of-terror-the-vengeance-of-the-monster,"Majin, the Monster of Terror",,,,70,POSITIVE,
3073,Bud Abbott and Lou Costello Meet Frankenstein,,ok,https://www.rottentomatoes.com/m/abbott_and_costello,Abbott and Costello Meet Frankenstein,,90,POSITIVE,85,POSITIVE,
3076,Frankenstein Meets the Wolf Man,,ok,https://www.rottentomatoes.com/m/frankenstein_meets_the_wolf_man,Frankenstein Meets the Wolfman,,25,NEGATIVE,55,NEGATIVE,
3094,Elated By Night,,ok,https://www.rottentomatoes.com/m/werewolf_by_night,Werewolf by Night,,90,POSITIVE,88,POSITIVE,
3095,Miss Marie Lloyd: Queen of the Music Hall,,ok,https://www.rottentomatoes.com/m/the_super_mario_bros_movie,The Super Mario Bros. Movie,,59,NEGATIVE,95,POSITIVE,PG
3096,Dos billetes,,ok,https://www.rottentomatoes.com/m/the_two_rascals,The Two Rascals,,,,,,
3099,"The Tulse Luper Suitcases, Part 3: From Sark to the Finish",,ok,https://www.rottentomatoes.com/m/the_tulse_luper_suitcases_part_iii_from_sark_to_finish,The Tulse Luper Suitcases Part 3: From Sark to Finish,,,,68,POSITIVE,
3100,A Life in Suitcases: A History of Tulse Luper,,ok,https://www.rottentomatoes.com/m/one_gay_city_a_history_of_lgbt_life_in_winnipeg,One Gay City: A History of LGBT Life in Winnipeg,,,,,,
3134,Baise-moi,,ok,https://www.rottentomatoes.com/m/baisemoi,Rape Me,,22,NEGATIVE,37,NEGATIVE,
3144,Rock 'n' Roll Frankenstein,,ok,https://www.rottentomatoes.com/m/rock_n_roll_frankenstein_1999,Rock & Roll Frankenstein (1999),,67,POSITIVE,30,NEGATIVE,R
3146,The War of the Gargantuas,,ok,https://www.rottentomatoes.com/m/the_war_of_the_gargantuas,War of the Gargantuas,,,,66,POSITIVE,G
3147,The 'Frankenstein' Files: How Hollywood Made a Monster,,ok,https://www.rottentomatoes.com/m/digging_up_the_marrow,Digging Up the Marrow,,58,NEGATIVE,43,NEGATIVE,
3150,Frankenstein Punk,,ok,https://www.rottentomatoes.com/m/gamera_vs_monster_x,Gamera vs. Monster X,,,,,,
3152,Big Monster on Campus,,ok,https://www.rottentomatoes.com/m/boltneck,Boltneck,,,,42,NEGATIVE,
3161,Making Frankensense of Young Frankenstein,,ok,https://www.rottentomatoes.com/m/howard_beach_making_a_case_for_murder,Howard Beach: Making a Case for Murder,,,,,,
3168,Three-Step Dance,,ok,https://www.rottentomatoes.com/m/three_step_dancing_2003,Three Step Dancing (2003),,,,,,
3199,"Dracula, Prisoner of Frankenstein",,ok,https://www.rottentomatoes.com/m/dracula_vs_dr_frankenstein,Dracula vs. Dr. Frankenstein,,,,,,
3204,She's Alive! Creating 'The Bride of Frankenstein',,ok,https://www.rottentomatoes.com/m/bride_of_frankenstein,Bride of Frankenstein,,98,POSITIVE,87,POSITIVE,
3215,La Sangre de Frankenstein,,ok,https://www.rottentomatoes.com/m/la_sangre_de_nuestra_raza,La sangre de nuestra raza,,,,,,
3217,Monster Mash: The Movie,,ok,https://www.rottentomatoes.com/m/monster_high_the_movie,Monster High: The Movie,,83,POSITIVE,48,NEGATIVE,TV-G
3218,Mistress Frankenstein,,ok,https://www.rottentomatoes.com/m/frankenstein_2025,Frankenstein (2025),,84,POSITIVE,94,POSITIVE,R
3286,Island - Insel im Norden,,ok,https://www.rottentomatoes.com/m/benvenuti_al_nord,Benvenuti al nord,,,,,,
3287,It's Alive: The True Story of Frankenstein,,ok,https://www.rottentomatoes.com/m/true_story_of_jesse_james,The True Story of Jesse James,,88,POSITIVE,35,NEGATIVE,
3305,Frankenstein: A Cinematic Scrapbook,,ok,https://www.rottentomatoes.com/m/clint_eastwood_a_cinematic_legacy,Clint Eastwood: A Cinematic Legacy,,,,,,
3343,Edison's Frankenstein,,ok,https://www.rottentomatoes.com/m/frankenstein_2025,Frankenstein (2025),,84,POSITIVE,94,POSITIVE,R
3344,Atomic Samurai,,ok,https://www.rottentomatoes.com/m/seven_samurai_1956,Seven Samurai,,100,POSITIVE,97,POSITIVE,
3346,"Frankenstein, the Vampire and Company",,ok,https://www.rottentomatoes.com/m/10011388-blood_the_last_vampire,Blood: The Last Vampire,,23,NEGATIVE,33,NEGATIVE,R
3347,Frankenstein: Italian Style,,ok,https://www.rottentomatoes.com/m/divorce_italian_style,"Divorce, Italian Style",,100,POSITIVE,93,POSITIVE,
3348,The Making of Frankenstein vs. the Creature from Blood Cove,,ok,https://www.rottentomatoes.com/m/1153958-frankenstein_vs_the_creature_from_blood_cove,Frankenstein vs. the Creature From Blood Cove,,,,,,
3351,Frankenstein Reborn: Behind the Scenes,,ok,https://www.rottentomatoes.com/m/okelley_legends_2e_behind_the_scenes,O'Kelley Legends: 2e Behind the Scenes,,,,,,
3361,Video Kings,,ok,https://www.rottentomatoes.com/m/kings_row,Kings Row,,100,POSITIVE,79,POSITIVE,
3398,Rich and Scary: Independent Soap Movie Experience,,ok,https://www.rottentomatoes.com/m/scary_little_fers_a_christmas_movie,Scary Little F...ers: A Christmas Movie,,,,,,
3399,Lücken im Gedankenstrom,,ok,https://www.rottentomatoes.com/m/im_still_here_2024,I'm Still Here (2024),,97,POSITIVE,97,POSITIVE,PG-13
3400,Heißes Blut oder Vivienne del Vargos' letzter Vorhang,,ok,https://www.rottentomatoes.com/m/eye_in_the_sky,Eye in the Sky,,95,POSITIVE,82,POSITIVE,R
3401,"Scenes from the Sex Struggles at North Beverly Drive, Los Angeles, CA (Remix)",,ok,https://www.rottentomatoes.com/m/scenes_from_the_class_struggle_in_beverly_hills,Scenes From the Class Struggle in Beverly Hills,,78,POSITIVE,62,POSITIVE,R
3404,The Great Swindle,,ok,https://www.rottentomatoes.com/m/the_great_mint_swindle,The Great Mint Swindle,,,,,,
3407,Frankenstein: Birth of a Monster,,ok,https://www.rottentomatoes.com/m/birth_of_a_monster_a_star_wars_story,Birth of a Monster: A Star Wars Story,,,,,,
3408,Boy Frankenstein,,ok,https://www.rottentomatoes.com/m/good_boy_2025,Good Boy (2025),,90,POSITIVE,81,POSITIVE,PG-13
3410,My Friend Frankenstein,,ok,https://www.rottentomatoes.com/m/my_friend_dahmer,My Friend Dahmer,,85,POSITIVE,61,POSITIVE,R
3412,Return from Death: Frankenstein 2000,,ok,https://www.rottentomatoes.com/m/return_from_witch_mountain,Return From Witch Mountain,,55,NEGATIVE,39,NEGATIVE,G
3413,"Orlak, the Hell of Frankenstein",,ok,https://www.rottentomatoes.com/m/de_hel_van_63,The Hell of '63,,,,43,NEGATIVE,
3414,El último Frankenstein,,ok,https://www.rottentomatoes.com/m/el_gato_con_botas_el_ultimo_deseo,El gato con botas: El último deseo,,,,95,POSITIVE,
3416,Il Mostro di Frankenstein,,ok,https://www.rottentomatoes.com/m/1012928-m,M,,100,POSITIVE,95,POSITIVE,
3417,Frankenstein: A Love Story,,ok,https://www.rottentomatoes.com/m/dacoit_a_love_story,Dacoit: A Love Story,,25,NEGATIVE,52,NEGATIVE,
3420,Frankenstein JR.,,ok,https://www.rottentomatoes.com/m/young_frankenstein,Young Frankenstein,,95,POSITIVE,92,POSITIVE,PG
3421,Bloomfield,,ok,https://www.rottentomatoes.com/m/sweet_blues_a_film_about_mike_bloomfield,Sweet Blues: A Film About Mike Bloomfield,,,,,,
3422,Lady Caliph,,ok,https://www.rottentomatoes.com/m/portrait_of_a_lady_on_fire,Portrait of a Lady on Fire,,98,POSITIVE,92,POSITIVE,R
3437,The Unloved Woman,,ok,https://www.rottentomatoes.com/m/four_unloved_women_adrift_on_a_purposeless_sea_experience_the_ecstasy_of_dissection,"Four Unloved Women, Adrift on a Purposeless Sea, Experience the Ecstasy of Dissection",,,,,,
3479,Innocents with Dirty Hands,,ok,https://www.rottentomatoes.com/m/dirty_hands_1975,Dirty Hands (1975),,,,48,NEGATIVE,R
3512,Under Siege 2: Dark Territory,,ok,https://www.rottentomatoes.com/m/under_siege_2_dark_territory,Under Siege 2,,34,NEGATIVE,38,NEGATIVE,R
3514,Selbstportrait 1,,ok,https://www.rottentomatoes.com/m/one_battle_after_another,One Battle After Another,,94,POSITIVE,85,POSITIVE,R
3516,largo e mesto,,ok,https://www.rottentomatoes.com/m/scooby_doo_curse_of_the_lake_monster,Scooby-Doo! Curse of the Lake Monster,,,,43,NEGATIVE,TV-PG
3517,Queens Don’t Cry,,ok,https://www.rottentomatoes.com/m/boys_dont_cry,Boys Don't Cry,,90,POSITIVE,87,POSITIVE,R
3518,"Pfui, Rosa!",,ok,https://www.rottentomatoes.com/m/ginger_and_rosa,Ginger & Rosa,,78,POSITIVE,50,NEGATIVE,PG-13
3519,Cows Knocked Up by Fog,,ok,https://www.rottentomatoes.com/m/knocked_up,Knocked Up,,90,POSITIVE,83,POSITIVE,R
3538,Gisela,,ok,https://www.rottentomatoes.com/m/eika_katappa,Eika Katappa,,,,,,
3540,Das letzte Stück Himmel,,ok,https://www.rottentomatoes.com/m/das_letzte_u_boot_1993,Das letzte U-Boot (1993),,,,,,
3541,Mad Dog Killer,,ok,https://www.rottentomatoes.com/m/beast-with-a-gun,The Mad Dog Killer,,,,,,
3544,Lebensborn,,ok,https://www.rottentomatoes.com/m/against_all_odds_surviving_the_holocaust,Against All Odds: Surviving the Holocaust,,,,,,
3545,Trail of the Falcon,,ok,https://www.rottentomatoes.com/m/trail_of_the_pink_panther,Trail of the Pink Panther,,23,NEGATIVE,32,NEGATIVE,PG
3546,Wściekły,,ok,https://www.rottentomatoes.com/m/fast_and_furious,Fast & Furious,,28,NEGATIVE,67,POSITIVE,PG-13
3557,Leroy räumt auf,,ok,https://www.rottentomatoes.com/m/fluke,Fluke,,31,NEGATIVE,69,POSITIVE,PG
3561,Obscene Desire,,ok,https://www.rottentomatoes.com/m/law_of_desire,Law of Desire,,100,POSITIVE,82,POSITIVE,NC-17
3572,A Hero's Death,,ok,https://www.rottentomatoes.com/m/the_death_of_a_hero,The Death of a Hero,,,,,,
3578,Der Tunnel,,ok,https://www.rottentomatoes.com/m/der_tunnel_2001,The Tunnel (2001),,84,POSITIVE,91,POSITIVE,TV-14
3583,Der Tunnel,,ok,https://www.rottentomatoes.com/m/der_tunnel_2001,The Tunnel (2001),,84,POSITIVE,91,POSITIVE,TV-14
3584,The Longest Tunnel,,ok,https://www.rottentomatoes.com/m/the_tunnel_2011,The Tunnel (2011),,100,POSITIVE,49,NEGATIVE,
3586,Prêt-à-Porter,,ok,https://www.rottentomatoes.com/m/ready_to_wear,Ready to Wear (Pret-a-Porter),,21,NEGATIVE,27,NEGATIVE,R
3641,House of Ricordi,,ok,https://www.rottentomatoes.com/m/a_house_of_dynamite,A HOUSE OF DYNAMITE,,75,POSITIVE,77,POSITIVE,R
3684,Flash Gordon in Space,,ok,https://www.rottentomatoes.com/m/spaceship_to_the_unknown_1936,Flash Gordon,,,,47,NEGATIVE,
3688,Flesh Gordon Meets the Cosmic Cheerleaders,,ok,https://www.rottentomatoes.com/m/flesh-gordon-meets-the-cosmic-cheerleaders,Flesh Gordon 2,,,,36,NEGATIVE,R
3689,Diamond Walkers,,ok,https://www.rottentomatoes.com/m/diamond_in_the_rough_2019,Diamond in the Rough (2019),,,,,,
3692,Secret Agent Super Dragon,,ok,https://www.rottentomatoes.com/m/secret_agent_super_dragon,New York chiama Superdrago (Secret Agent Super Dragon) (New York Calling Superdragon),,,,5,NEGATIVE,
3694,"Che notte, ragazzi!",,ok,https://www.rottentomatoes.com/m/moms_night_out,Moms' Night Out,,21,NEGATIVE,66,POSITIVE,PG
3696,Versatile Lovers,,ok,https://www.rottentomatoes.com/m/only_lovers_left_alive,Only Lovers Left Alive,,86,POSITIVE,75,POSITIVE,R
3699,Seven Blood-Stained Orchids,,ok,https://www.rottentomatoes.com/m/seven_blood_stained_orchids,Seven Blood Stained Orchids,,,,53,NEGATIVE,
3701,Gang War in Milan,,ok,https://www.rottentomatoes.com/m/burning_city,Burning City,,,,,,
3703,"Beautiful, Rich, Slight Physical Defect, Seeks Soulmate",,ok,https://www.rottentomatoes.com/m/beautiful_boy_2018,Beautiful Boy (2018),,67,POSITIVE,80,POSITIVE,R
3764,The Naked Island,,ok,https://www.rottentomatoes.com/m/the_naked_island,The Island,,100,POSITIVE,86,POSITIVE,
3845,Ham and the Masked Marvel,,ok,https://www.rottentomatoes.com/m/masked_marvel,Sakima and the Masked Marvel,,,,,,
3846,The Musical Marvel,,ok,https://www.rottentomatoes.com/m/barbie-as-the-island-princess,Barbie as the Island Princess,,,,74,POSITIVE,
3865,Dark Blue Almost Black,,ok,https://www.rottentomatoes.com/m/darkbluealmostblack,DarkBlueAlmostBlack,,70,POSITIVE,84,POSITIVE,
3867,El camino de las hormigas,,ok,https://www.rottentomatoes.com/m/stuff_and_dough,Stuff and Dough,,73,POSITIVE,67,POSITIVE,
3901,Deszcz,,ok,https://www.rottentomatoes.com/m/before_the_rain,Before the Rain,,92,POSITIVE,94,POSITIVE,
3921,Wiatr,,ok,https://www.rottentomatoes.com/m/seeds_of_yesterday,Seeds of Yesterday,,,,36,NEGATIVE,TV-14
3922,Kołysanka,,ok,https://www.rottentomatoes.com/m/kolysanka_2012,The Lullaby,,,,38,NEGATIVE,
3923,Jam Dwór Polski,,ok,https://www.rottentomatoes.com/m/space_jam_a_new_legacy,Space Jam: A New Legacy,,25,NEGATIVE,79,POSITIVE,PG
3933,Corpse Bride,,ok,https://www.rottentomatoes.com/m/corpse_bride,Tim Burton's Corpse Bride,,85,POSITIVE,77,POSITIVE,PG
3934,Ménage,,ok,https://www.rottentomatoes.com/m/menage,Menage,,83,POSITIVE,78,POSITIVE,
3960,Weißt was geil wär...?!,,ok,https://www.rottentomatoes.com/m/there_was_the_war,There was the war,,,,,,
3962,Bis zum Ellenbogen,,ok,https://www.rottentomatoes.com/m/bis_zum_horizont_dann_links,"Bis zum Horizont, dann links!",,,,,,
3983,Brucio nel vento,,ok,https://www.rottentomatoes.com/m/brucio_nel_vento,Burning in the Wind,,,,75,POSITIVE,
3984,Shelter Me,,ok,https://www.rottentomatoes.com/m/shelter_me,Shelter,,,,,,
4023,A Thousand Billion Dollars,,ok,https://www.rottentomatoes.com/m/billion_dollar_brain,Billion Dollar Brain,,57,NEGATIVE,40,NEGATIVE,
4033,Vivement Truffaut,,ok,https://www.rottentomatoes.com/m/vivement-dimanche-finally-sundayconfidentially-yours,Confidentially Yours,,78,POSITIVE,79,POSITIVE,PG
4050,Snowland,,ok,https://www.rottentomatoes.com/m/schneeland,Schneeland (Snowland),,,,75,POSITIVE,
4073,The Down-in-the-Hole Gang,,ok,https://www.rottentomatoes.com/m/way_down_in_the_hole,Way Down in the Hole,,,,,,
4110,Blondie & Dagwood,,ok,https://www.rottentomatoes.com/m/its_a_great_life_1943,It's a Great Life (1943),,,,80,POSITIVE,
4113,Biffen och Bananen,,ok,https://www.rottentomatoes.com/m/hans-och-hennes-his-and-hers-making-babies,Hans och hennes (His and Hers) (Making Babies),,,,37,NEGATIVE,
4114,"Blondie, Biffen och Bananen",,ok,https://www.rottentomatoes.com/m/plantman_and_blondie_a_dress_up_gang_film,Plantman & Blondie: A Dress Up Gang Film,,,,,,
4132,Le Château perdu,,ok,https://www.rottentomatoes.com/m/le_chateau_de_pointilly,Le Château de Pointilly,,,,,,
4134,Het zwijgen,,ok,https://www.rottentomatoes.com/m/egy-het-pesten-es-budan,Het Pesten Et Budan Egy,,,,,,
4157,Heyy Babyy,,ok,https://www.rottentomatoes.com/m/10008653-hey_baby,Hey Baby,,,,67,POSITIVE,
4179,Les Petites Bonnes,,ok,https://www.rottentomatoes.com/m/les_bonnes_intentions,Les bonnes intentions,,,,,,
4194,A Matter of Resistance,,ok,https://www.rottentomatoes.com/m/la_vie_de_chateau,Gracious Living,,,,55,NEGATIVE,
4196,Lenin: The Train,,ok,https://www.rottentomatoes.com/m/the_sealed_train,The Sealed Train,,,,,,
4204,$5 a Day,,ok,https://www.rottentomatoes.com/m/$5_a_day,Five Dollars a Day,,,,48,NEGATIVE,PG-13
4208,Martin and Lea,,ok,https://www.rottentomatoes.com/m/sing_and_be_happy,Sing and Be Happy,,,,,,
4226,Shriek If You Know What I Did Last Friday the Thirteenth,,ok,https://www.rottentomatoes.com/m/shriek_if_you_know_what_i_did_last_friday_the_13th,Shriek If You Know What I Did Last Friday the 13th,,25,NEGATIVE,31,NEGATIVE,R
4229,The Scary Movie,,ok,https://www.rottentomatoes.com/m/scary_movie_3,Scary Movie 3,,35,NEGATIVE,54,NEGATIVE,PG-13
4230,Scary Texas Movie,,ok,https://www.rottentomatoes.com/m/scary_movie_2026,Scary Movie (2026),,23,NEGATIVE,65,POSITIVE,R
4231,The Erotic Ghost,,ok,https://www.rottentomatoes.com/m/10012063-ghost_writer,The Ghost Writer,,84,POSITIVE,70,POSITIVE,PG-13
4238,The Erotic Mirror,,ok,https://www.rottentomatoes.com/m/the_mirror_1975,The Mirror (1975),,100,POSITIVE,91,POSITIVE,
4240,Titanic 2000,,ok,https://www.rottentomatoes.com/m/titanic_2000_vampire_of_the_titanic,Titanic 2000: Vampire of the Titanic,,,,,,
4250,Pornorama,,ok,https://www.rottentomatoes.com/m/georama_boy_panorama_girl,Georama Boy Panorama Girl,,,,,,
4254,Kal Ho Naa Ho,,ok,https://www.rottentomatoes.com/m/1135237-kal_ho_naa_ho,Tomorrow May Never Come,,73,POSITIVE,91,POSITIVE,
4255,The Party at Kitty and Stud's,,ok,https://www.rottentomatoes.com/m/death_at_the_dinner_party,Death at the Dinner Party,,,,,,TV-14
4258,Scary Movie 5,,ok,https://www.rottentomatoes.com/m/scary_movie_5,Scary Movie V,,4,NEGATIVE,38,NEGATIVE,PG-13
4260,The Perfect Scary Movie,,ok,https://www.rottentomatoes.com/m/perfect_feet_the_movie,Perfect Feet the Movie,,,,,,
4261,We Won't Go to the Woods Anymore,,ok,https://www.rottentomatoes.com/m/kids_go_to_the_woods_kids_get_dead_2012,Kids Go to the Woods... Kids Get Dead,,,,60,POSITIVE,
4279,The Married Couple of the Year Two,,ok,https://www.rottentomatoes.com/m/student_of_the_year_2,Student of the Year 2,,6,NEGATIVE,22,NEGATIVE,
4285,It's a Jungle Out There,,ok,https://www.rottentomatoes.com/m/out_there_a_national_parks_story,Out There: A National Parks Story,,,,,,
4287,The Most Gentle Confessions,,ok,https://www.rottentomatoes.com/m/most_dangerous_game,The Most Dangerous Game,,100,POSITIVE,73,POSITIVE,
4297,Monsieur Truffaut Meets Mr. Hitchcock,,ok,https://www.rottentomatoes.com/m/khoobsurat_2014,Ms. Romantic Meets Mr. Handsome (2014),,80,POSITIVE,61,POSITIVE,
4323,Ein Mann im schönsten Alter,,ok,https://www.rottentomatoes.com/m/avenger-2006,Avenger (2006),,,,27,NEGATIVE,TV-14
4324,Venusberg,,ok,https://www.rottentomatoes.com/m/dragon_that_wasnt,The Dragon That Wasn't... or Was He?,,,,,,
4325,Parapsycho: Spectrum of Fear,,ok,https://www.rottentomatoes.com/m/wages_of_fear,The Wages of Fear,,100,POSITIVE,94,POSITIVE,
4366,The Austrian,,ok,https://www.rottentomatoes.com/m/state-of-the-nation-austria-in-six-chapters-zur-lage-osterreich-in-sechs-kapiteln,State of the Nation: Austria in Six Chapters,,,,,,
4368,Dark Wolf,,ok,https://www.rottentomatoes.com/m/darkwolf,DarkWolf,,,,18,NEGATIVE,R
4371,La Voleuse,,ok,https://www.rottentomatoes.com/m/the_book_thief,The Book Thief,,50,NEGATIVE,73,POSITIVE,PG-13
4378,Obituary of a Beast,,ok,https://www.rottentomatoes.com/m/soul_of_a_beast,Soul of a Beast,,,,,,
4382,Rosemary,,ok,https://www.rottentomatoes.com/m/rosemarys_baby,Rosemary's Baby,,97,POSITIVE,87,POSITIVE,R
4383,She Walks by Night,,ok,https://www.rottentomatoes.com/m/she_lives_by_night,She Lives by Night,,,,,,
4384,Rosemary's Daughter,,ok,https://www.rottentomatoes.com/m/devil_bats_daughter,Devil Bat's Daughter,,,,,,
4386,Law Breakers,,ok,https://www.rottentomatoes.com/m/the_warrant_breakers_law,The Warrant: Breaker's Law,,,,,,
4391,The Hassled Hooker,,ok,https://www.rottentomatoes.com/m/the-hooker-cult-murders,The Pyx,,,,34,NEGATIVE,R
4394,Maître Pygmalion,,ok,https://www.rottentomatoes.com/m/1016943-pygmalion,Pygmalion,,100,POSITIVE,84,POSITIVE,
4395,Angels of Iron,,ok,https://www.rottentomatoes.com/m/beyond_redemption,A Twist of Faith,,,,38,NEGATIVE,R
4396,Die Halbzarte,,ok,https://www.rottentomatoes.com/m/good_luck_have_fun_dont_die,"Good Luck, Have Fun, Don't Die",,82,POSITIVE,84,POSITIVE,R
4403,Crossed,,ok,https://www.rottentomatoes.com/m/the-train2007,The Train: Some Lines Should Never Be Crossed... (2007),,,,27,NEGATIVE,
4407,The Three Investigators in The Secret of Skeleton Island,,ok,https://www.rottentomatoes.com/m/the-three-investigators-and-the-secret-of-skeleton-island,The Three Investigators and the Secret of Skeleton Island,,,,51,NEGATIVE,PG
4408,Der Hammermörder,,ok,https://www.rottentomatoes.com/m/der_hafenpastor,Der Hafenpastor,,,,,,
4423,Der große Abgang,,ok,https://www.rottentomatoes.com/m/der_grosse_kanton,Der grosse Kanton,,,,,,
4435,Aśoka,,ok,https://www.rottentomatoes.com/m/asoka,Asoka,,100,POSITIVE,69,POSITIVE,R
4439,Goy,,ok,https://www.rottentomatoes.com/m/wild_life_2011,Wild Life (2011),,,,39,NEGATIVE,
4451,"Mein Freund, der Mörder",,ok,https://www.rottentomatoes.com/m/free_willy,Free Willy,,71,POSITIVE,50,NEGATIVE,PG
4452,Al Capone im deutschen Wald,,ok,https://www.rottentomatoes.com/m/al_capone,Al Capone,,,,57,NEGATIVE,
4453,Nights on the Road,,ok,https://www.rottentomatoes.com/m/on_the_road,On the Road,,46,NEGATIVE,34,NEGATIVE,R
4457,Witchcraft (Evil Encounters),,ok,https://www.rottentomatoes.com/m/kolory_zla_czern,Colors of Evil: Black,,,,,,
4458,Ballad for a Hoodlum,,ok,https://www.rottentomatoes.com/m/ballad_for_a_gunman,Ballad for a Gunman,,,,,,
4465,Annas Mutter,,ok,https://www.rottentomatoes.com/m/philomena,Philomena,,91,POSITIVE,89,POSITIVE,PG-13
4466,Der Fall Bachmeier - Keine Zeit für Tränen,,ok,https://www.rottentomatoes.com/m/1014061-mister_roberts,Mister Roberts,,93,POSITIVE,84,POSITIVE,
4467,Die Sünderin,,ok,https://www.rottentomatoes.com/m/the_young_sinner,The Young Sinner,,,,,,
4470,Das Phantom,,ok,https://www.rottentomatoes.com/m/phantom_of_the_opera,The Phantom of the Opera,,32,NEGATIVE,84,POSITIVE,PG-13
4489,Tod der Engel,,ok,https://www.rottentomatoes.com/m/10_year_reunion,10 Year Reunion,,,,0,NEGATIVE,
4501,Der Fall Rohrbach,,ok,https://www.rottentomatoes.com/m/der_fall_marianne_voss,Der Fall Marianne Voss,,,,,,
4533,Kill Me Gently,,ok,https://www.rottentomatoes.com/m/kommissar_x_death_trip_kill_me_gently,"Kommissar X - Death Trip, Kill me gently",,,,,,
4534,"Kill, Panther, Kill!",,ok,https://www.rottentomatoes.com/m/kommissar_x_kill_panther_kill,Kommissar X: Kill Panther Kill,,,,,,
4536,The World's Biggest Penis,,ok,https://www.rottentomatoes.com/m/the_worlds_biggest_murder_trial_nuremberg,The World's Biggest Murder Trial: Nuremberg,,,,,,
4537,The Tiger Gang,,ok,https://www.rottentomatoes.com/m/lo-foo-chut-gang-tiger-on-the-beat,Tiger on Beat,,,,71,POSITIVE,
4554,Manhattan Night of Murder,,ok,https://www.rottentomatoes.com/m/countdown_manhattan,Countdown Manhattan,,,,,,
4557,Jerry Cotton: The Trap Snaps Shut at Midnight,,ok,https://www.rottentomatoes.com/m/the_sun_at_midnight,The Sun at Midnight,,,,87,POSITIVE,R
4562,Jerry Cotton: Tip Not Included,,ok,https://www.rottentomatoes.com/m/batteries_not_included,*batteries not Included,,57,NEGATIVE,64,POSITIVE,PG
4567,The Females,,ok,https://www.rottentomatoes.com/m/ramar_and_the_deadly_females,Ramar and the Deadly Females,,,,,,
4568,Sex-Power,,ok,https://www.rottentomatoes.com/m/bare_hung_tops_and_power_bottoms,Tops & Bottoms,,,,,,
4569,Jerry Cotton: Death in the Red Jaguar,,ok,https://www.rottentomatoes.com/m/death_in_the_red_jaguar,Death in the Red Jaguar,,,,,,
4570,As Long as One Is Intoxicated,,ok,https://www.rottentomatoes.com/m/jab_tak_hai_jaan,As Long As I Live,,90,POSITIVE,67,POSITIVE,
4571,Season of Peace in Paris,,ok,https://www.rottentomatoes.com/m/staging_hope_acts_of_peace_in_northern_uganda,After Kony: Staging Hope,,,,,,
4572,Jerry Cotton: Death and Diamonds,,ok,https://www.rottentomatoes.com/m/death_in_the_red_jaguar,Death in the Red Jaguar,,,,,,
4573,The Peaks of Zelengore,,ok,https://www.rottentomatoes.com/m/the_white_peaks_of_mt_fuji,The White Peaks of Mt. Fuji,,,,,,
4574,Deadly Shots on Broadway,,ok,https://www.rottentomatoes.com/m/on_broadway_2021,On Broadway,,76,POSITIVE,72,POSITIVE,
4578,Flesh,,ok,https://www.rottentomatoes.com/m/sarah_squirm_live_in_the_flesh,Sarah Squirm: Live + In The Flesh,,,,,,
4595,Jour de Fête,,ok,https://www.rottentomatoes.com/m/the_big_day_1952,Jour de Fete,,100,POSITIVE,83,POSITIVE,
4611,Money,,ok,https://www.rottentomatoes.com/m/dumb_money,Dumb Money,,84,POSITIVE,85,POSITIVE,R
4615,College Girl on Vacation,,ok,https://www.rottentomatoes.com/m/people_we_meet_on_vacation,People We Meet on Vacation,,78,POSITIVE,68,POSITIVE,PG-13
4616,The Doctor Prefers Sailors,,ok,https://www.rottentomatoes.com/m/1037015-doctor,The Doctor,,81,POSITIVE,73,POSITIVE,PG-13
4633,Cutlass,,ok,https://www.rottentomatoes.com/m/the_cutlass,The Cutlass,,,,40,NEGATIVE,
4653,Kampftag,,ok,https://www.rottentomatoes.com/m/the_gentle_indifference_of_the_world,The Gentle Indifference of the World,,,,,,
4654,Echt tu matsch,,ok,https://www.rottentomatoes.com/m/renn_wenn_du_kannst,Run If You Can,,,,77,POSITIVE,
4655,Traficantes Del Panico,,ok,https://www.rottentomatoes.com/m/traficantes_del_sur,Traficantes del sur,,,,,,
4659,Mama Mia - Nur keine Panik,,ok,https://www.rottentomatoes.com/m/pyaar-kiya-to-darna-kya,Pyaar Kiya To Darna Kya,,,,76,POSITIVE,
4660,Kolp,,ok,https://www.rottentomatoes.com/m/kolpacino_3_devre,Kolpaçino 3. Devre,,,,,,
4676,Grande école,,ok,https://www.rottentomatoes.com/m/school_of_life,School of Life,,,,70,POSITIVE,PG
4678,The Life of the Dead,,ok,https://www.rottentomatoes.com/m/dead_on_the_life_and_cinema_of_george_a_romero,Dead On: The Life and Cinema of George A. Romero,,,,,,
4682,La Barricade du Point-du-Jour,,ok,https://www.rottentomatoes.com/m/port_of_point_du_jour,Port of Point-du-Jour,,,,,,
4683,A Gorgeous Girl Like Me,,ok,https://www.rottentomatoes.com/m/une_belle_fille_comme_moi,Such a Gorgeous Kid Like Me,,,,62,POSITIVE,R
4685,Swimming Instructor,,ok,https://www.rottentomatoes.com/m/swimming_pool,Swimming Pool,,84,POSITIVE,67,POSITIVE,R
4695,Pappa ante Portas,,ok,https://www.rottentomatoes.com/m/attention_papa_arrives,"Attention, Papa Arrives!",,,,,,
4700,Im Himmel ist die Hölle los,,ok,https://www.rottentomatoes.com/m/dont_be_a_menace,Don't Be a Menace to South Central While Drinking Your Juice in the Hood,,32,NEGATIVE,80,POSITIVE,R
4707,"Hurra, die Schule brennt",,ok,https://www.rottentomatoes.com/m/10012150-high_school,High School,,29,NEGATIVE,48,NEGATIVE,R
4710,Masculin Féminin,,ok,https://www.rottentomatoes.com/m/masculine_feminine,Masculine-Feminine,,96,POSITIVE,86,POSITIVE,
4719,Arsène Lupin vs. Arsène Lupin,,ok,https://www.rottentomatoes.com/m/arsene_lupin_contre_arsene_lupin_2010,Arsène Lupin,,,,8,NEGATIVE,
4727,Le Gendarme de Saint-Tropez,,ok,https://www.rottentomatoes.com/m/gendarme_of_st_tropez,The Troops of St. Tropez,,,,79,POSITIVE,
4728,The Gendarme in New York,,ok,https://www.rottentomatoes.com/m/le_gendarme_a_new_york,The Troops in New York,,,,62,POSITIVE,
4729,The Gendarme Gets Married,,ok,https://www.rottentomatoes.com/m/the_troops_get_married,The Troops Get Married,,,,75,POSITIVE,
4730,OSS 117 Takes a Vacation,,ok,https://www.rottentomatoes.com/m/mr_hobbs_takes_a_vacation,Mr. Hobbs Takes a Vacation,,80,POSITIVE,68,POSITIVE,
4735,The Good and the Bad,,ok,https://www.rottentomatoes.com/m/the_8_bit_philosophy_2_the_good_and_the_bad_guys,The 8-Bit Philosophy 2: The Good and the Bad Guys,,,,,,
4739,Raphael or the Debauched One,,ok,https://www.rottentomatoes.com/m/one_or_the_other,One or the Other,,,,,,
4750,It Could Be Worse,,ok,https://www.rottentomatoes.com/m/it_could_be_you_2017,It Could Be You (2017),,,,,,
4764,Horoscope,,ok,https://www.rottentomatoes.com/m/horoscope_ii_the_woman_from_hell,Horoscope II: The Woman from Hell,,,,,,
4765,The Red Ibis,,ok,https://www.rottentomatoes.com/m/red_riding_hood_the_tale_begins,Red Riding Hood: The Tale Begins,,,,,,
4767,Here We Come,,ok,https://www.rottentomatoes.com/m/strangeways_here_we_come,Strangeways Here We Come,,,,92,POSITIVE,
4785,When the City Awakes,,ok,https://www.rottentomatoes.com/m/summer_of_soul,"Summer of Soul (...Or, When the Revolution Could Not Be Televised)",,99,POSITIVE,98,POSITIVE,PG-13
4786,Rudo & Cursi,,ok,https://www.rottentomatoes.com/m/rudo_y_cursi,Rudo y Cursi,,72,POSITIVE,66,POSITIVE,R
4790,The Nada Gang,,ok,https://www.rottentomatoes.com/m/the_nada_gang,Nada,,,,59,NEGATIVE,
4792,Killer,,ok,https://www.rottentomatoes.com/m/psycho_killer,Psycho Killer,,9,NEGATIVE,36,NEGATIVE,R
4798,"Je T'Aime, Je T'Aime",,ok,https://www.rottentomatoes.com/m/je_taime_je_taime,"I Love You, I Love You",,90,POSITIVE,80,POSITIVE,
4813,Three Crazy Jerks,,ok,https://www.rottentomatoes.com/m/the_three_legionnaires,The Three Legionnaires,,,,,,
4814,Three Crazy Jerks II,,ok,https://www.rottentomatoes.com/m/the-gods-must-be-crazy-iii-crazy-safari-english,The Gods Must Be Crazy III,,,,56,NEGATIVE,
4815,Schön war die Zeit,,ok,https://www.rottentomatoes.com/m/remembrance_2011,Remembrance (2011),,,,87,POSITIVE,
4834,Starke Zeiten,,ok,https://www.rottentomatoes.com/m/friedliche-zeiten,Friedliche Zeiten (Peaceful Times),,,,,,
4838,Les Îles,,ok,https://www.rottentomatoes.com/m/islands,Islands,,,,,,
4840,Ein Prachtexemplar,,ok,https://www.rottentomatoes.com/m/ein_sommer_in_vietnam_2008,Ein Sommer in Vietnam (1),,,,,,
4857,"Farewell, Friend",,ok,https://www.rottentomatoes.com/m/adieu-lami-farewell-friend,Honor Among Thieves,,,,58,NEGATIVE,PG
4880,Nichts als Gespenster,,ok,https://www.rottentomatoes.com/m/nothing-but-ghosts-nichts-als-gespenster,Nothing but Ghosts,,,,65,POSITIVE,
4887,Takva: A Man's Fear of God,,ok,https://www.rottentomatoes.com/m/takva,Takva,,,,86,POSITIVE,
4897,The Dance,,ok,https://www.rottentomatoes.com/m/the_dance_of_reality,The Dance of Reality,,91,POSITIVE,82,POSITIVE,
4899,The Door Slams,,ok,https://www.rottentomatoes.com/m/the_boy_behind_the_door,The Boy Behind the Door,,97,POSITIVE,61,POSITIVE,
4900,The Wolves in the Sheepfold,,ok,https://www.rottentomatoes.com/m/wolves-in-the-snow,Wolves in the Snow,,,,50,NEGATIVE,
4902,Land gewinnen,,ok,https://www.rottentomatoes.com/m/jew_suss,Jew Suss: Rise and Fall,,,,56,NEGATIVE,
4936,Route 66 - ein amerikanischer albTraum,,ok,https://www.rottentomatoes.com/m/route_66_an_american_odyssey,Route 66: An American Odyssey,,,,,,
4948,Womanlight,,ok,https://www.rottentomatoes.com/m/clair_de_femme,Clair de Femme,,,,73,POSITIVE,
4950,Ulysse est revenu,,ok,https://www.rottentomatoes.com/m/stephen_kings_it,Stephen King's It,,69,POSITIVE,64,POSITIVE,TV-14
4963,Te quiero,,ok,https://www.rottentomatoes.com/m/libre_te_quiero,Libre te quiero,,,,,,
4968,The Piano Player,,ok,https://www.rottentomatoes.com/m/they_shot_the_piano_player,They Shot the Piano Player,,79,POSITIVE,68,POSITIVE,PG-13
4974,Five Times Two,,ok,https://www.rottentomatoes.com/m/two_strangers_who_meet_five_times,Two Strangers Who Meet Five Times,,,,,,
4975,Love Is the Devil: Study for a Portrait of Francis Bacon,,ok,https://www.rottentomatoes.com/m/love_is_the_devil,Love Is the Devil: Study of a Portrait of Francis Bacon,,67,POSITIVE,62,POSITIVE,
4976,The Man by the Shore,,ok,https://www.rottentomatoes.com/m/lhomme_sur_les_quais,L'Homme sur les Quais,,,,,,
4981,There Is No Authority But Yourself,,ok,https://www.rottentomatoes.com/m/there_is_no_i_in_threesome,There is No I in Threesome,,86,POSITIVE,63,POSITIVE,
4992,Shark,,ok,https://www.rottentomatoes.com/m/shark_tale,Shark Tale,,35,NEGATIVE,47,NEGATIVE,PG
4996,Afternoon,,ok,https://www.rottentomatoes.com/m/dog_day_afternoon,Dog Day Afternoon,,94,POSITIVE,90,POSITIVE,R
5004,The Long Swift Sword of Siegfried,,ok,https://www.rottentomatoes.com/m/otoko_no_monsho,Otoko No Monsho,,,,,,
5033,Tarzan's Jungle Rebellion,,ok,https://www.rottentomatoes.com/m/tarzans_hidden_jungle_1955,Tarzan's Hidden Jungle (1955),,,,,,
5046,Cats and Trees,,ok,https://www.rottentomatoes.com/m/top_cat_and_the_beverly_hills_cats_1987,Top Cat and the Beverly Hills Cats (1987),,,,11,NEGATIVE,
5047,Les petites couleurs,,ok,https://www.rottentomatoes.com/m/petites-couleurs-les-a-little-color,A Little Color,,,,,,
5049,Death Will Have Your Eyes,,ok,https://www.rottentomatoes.com/m/savage_lady,Savage Lady,,,,,,
5050,Devil's Ransom,,ok,https://www.rottentomatoes.com/m/devils_advocate,The Devil's Advocate,,65,POSITIVE,80,POSITIVE,R
5051,The Baby of Mâcon,,ok,https://www.rottentomatoes.com/m/baby_of_macon,The Baby of Macon,,38,NEGATIVE,81,POSITIVE,
5053,I Love Vienna,,ok,https://www.rottentomatoes.com/m/i_love_boosters,I Love Boosters,,92,POSITIVE,75,POSITIVE,R
5057,Wig the Dick,,ok,https://www.rottentomatoes.com/m/sisters_of_the_wicked_wig,Sisters of the Wicked Wig,,,,,,
5058,Aurélien,,ok,https://www.rottentomatoes.com/m/time-out-l-emploi-du-temps,Time Out,,95,POSITIVE,80,POSITIVE,PG-13
5073,Guilty of Innocence,,ok,https://www.rottentomatoes.com/m/guilty_of_innocence_the_lenell_geter_story,Guilty of Innocence: The Lenell Geter Story,,,,,,PG
5075,"Jean Galmot, aventurier",,ok,https://www.rottentomatoes.com/m/ask_e_jean,Ask E. Jean,,100,POSITIVE,,,
5077,Magic Graz,,ok,https://www.rottentomatoes.com/m/ilana_glazer_human_magic,Ilana Glazer: Human Magic,,,,,,
5078,"Loves, Bed and Betrayals",,ok,https://www.rottentomatoes.com/m/bed_and_breakfast_2012,Bed & Breakfast,,,,27,NEGATIVE,PG-13
5080,Peccati a Venezia,,ok,https://www.rottentomatoes.com/m/dont_look_now,Don't Look Now,,93,POSITIVE,76,POSITIVE,R
5081,Fever of 40!,,ok,https://www.rottentomatoes.com/m/port-of-40-thieves,Port of 40 Thieves,,,,,,
5082,The Traveling Companion,,ok,https://www.rottentomatoes.com/m/sisterhood_of_the_traveling_pants,The Sisterhood of the Traveling Pants,,82,POSITIVE,77,POSITIVE,PG
5083,Nude Strike,,ok,https://www.rottentomatoes.com/m/lucky_strike_2026,Lucky Strike (2026),,59,NEGATIVE,69,POSITIVE,R
5085,L'ultimo giorno,,ok,https://www.rottentomatoes.com/m/lultimo_giorno_del_toro,L'Ultimo Giorno del Toro,,,,,,
5087,Bil'in Habibti,,ok,https://www.rottentomatoes.com/m/bilin-my-love-bilin-habibti,Bil'in My Love,,,,,,
5151,Schulz & Schulz II: Aller Anfang ist schwer,,ok,https://www.rottentomatoes.com/m/year_one,Year One,,14,NEGATIVE,24,NEGATIVE,PG-13
5152,"Schulz & Schulz IV: Neue Welten, alte Lasten",,ok,https://www.rottentomatoes.com/m/serenity,Serenity,,82,POSITIVE,91,POSITIVE,PG-13
5161,Blood of the Undead: The Unwanted,,ok,https://www.rottentomatoes.com/m/curse_of_the_undead,Curse of the Undead,,,,40,NEGATIVE,
5171,Saint-Jacques… La Mecque,,ok,https://www.rottentomatoes.com/m/saint_jacques_la_mecque,Saint-Jacques ... la Mecque,,,,,,
5181,Scandal: On the Other Side,,ok,https://www.rottentomatoes.com/m/the_man_on_the_other_side,The Man on the Other Side,,,,,,
5188,Passion and Romance: Ocean of Dreams,,ok,https://www.rottentomatoes.com/m/silver_and_the_book_of_dreams,Silver and the Book of Dreams,,,,39,NEGATIVE,
5204,Kontroll,,ok,https://www.rottentomatoes.com/m/pushing_tin,Pushing Tin,,48,NEGATIVE,42,NEGATIVE,R
5232,Scandal: Lawful Entry,,ok,https://www.rottentomatoes.com/m/actress_sex_scandal_2,Actress Sex Scandal 2,,,,86,POSITIVE,
5233,Wild Orchid II: Two Shades of Blue,,ok,https://www.rottentomatoes.com/m/wild_orchid_2_two_shades_of_blue,Wild Orchid 2: Two Shades of Blue,,,,39,NEGATIVE,R
5249,Room 10,,ok,https://www.rottentomatoes.com/m/room_102,Room 102,,,,,,
5258,Mutter kommt in Fahrt,,ok,https://www.rottentomatoes.com/m/mother-kusters-goes-to-heaven,Mother Kusters Goes to Heaven,,100,POSITIVE,88,POSITIVE,
5263,Ist das Licht im Kühlschrank wirklich aus?,,ok,https://www.rottentomatoes.com/m/der_letzte_macht_das_licht_aus,Der Letzte macht das Licht aus!,,,,,,
5319,Hum Dil De Chuke Sanam,,ok,https://www.rottentomatoes.com/m/hum_dil_de_chuke_sanam,Straight From the Heart,,,,86,POSITIVE,
5335,Theorem,,ok,https://www.rottentomatoes.com/m/the_zero_theorem,The Zero Theorem,,49,NEGATIVE,43,NEGATIVE,R
5336,"Salò, or the 120 Days of Sodom",,ok,https://www.rottentomatoes.com/m/salo_o_le_120_giornate_di_sodoma_1979,"Salo, or the 120 Days of Sodom",,71,POSITIVE,62,POSITIVE,
5354,Berlin am Meer,,ok,https://www.rottentomatoes.com/m/immer-nie-am-meer,Immer nie am Meer,,,,76,POSITIVE,
5424,Anthropophagous,,ok,https://www.rottentomatoes.com/m/anthropophagus,Antropophagus,,,,27,NEGATIVE,
5442,Va a ser que nadie es perfecto,,ok,https://www.rottentomatoes.com/m/nobody_is_perfect_2006,Nobody Is Perfect (2006),,,,,,NC-17
5445,Erlkönig,,ok,https://www.rottentomatoes.com/m/frozen_ii,Frozen II,,77,POSITIVE,92,POSITIVE,PG
5458,Cruel Intentions 2,,ok,https://www.rottentomatoes.com/m/cruel_intentions_2,Cruel Intentions II,,18,NEGATIVE,21,NEGATIVE,R
5461,Der Tote am Strand,,ok,https://www.rottentomatoes.com/m/perry-mason-the-case-of-the-telltale-talk-show-host,Perry Mason: The Case of the Tell-Tale Talk Show Host,,,,56,NEGATIVE,TV-PG
5463,Papa und Mama,,ok,https://www.rottentomatoes.com/m/mom_and_dad_save_the_world,Mom and Dad Save the World,,12,NEGATIVE,44,NEGATIVE,PG
5465,The Million Game,,ok,https://www.rottentomatoes.com/m/the_million_dollar_misunderstanding,The Million Dollar Misunderstanding,,,,,,
5472,Animated Epics: Beowulf,,ok,https://www.rottentomatoes.com/m/beowulf,Beowulf,,71,POSITIVE,50,NEGATIVE,PG-13
5479,"Not Mozart: Letters, Riddles and Writs",,ok,https://www.rottentomatoes.com/m/mozart_and_the_whale,Mozart & the Whale,,,,80,POSITIVE,PG-13
5519,Finders Killers,,ok,https://www.rottentomatoes.com/m/killers_of_the_flower_moon,Killers of the Flower Moon,,93,POSITIVE,84,POSITIVE,R
5524,Sister's Keeper,,ok,https://www.rottentomatoes.com/m/sisters_keeper,,,,,,,
5525,Sister's Keeper,,ok,https://www.rottentomatoes.com/m/sisters_keeper,,,,,,,
5562,Le Beau Serge,,ok,https://www.rottentomatoes.com/m/le_beau_serge,Handsome Serge,,100,POSITIVE,76,POSITIVE,
5589,The Terribly Sad Princess,,ok,https://www.rottentomatoes.com/m/the_incredibly_sad_princess,The Incredibly Sad Princess,,,,,,
5590,Donkey Skin,,ok,https://www.rottentomatoes.com/m/donkey_skin,Peau D'ane,,89,POSITIVE,77,POSITIVE,
5593,Was lebst Du?,,ok,https://www.rottentomatoes.com/m/the_evil_within_2017,The Evil Within (2017),,100,POSITIVE,57,NEGATIVE,
5597,Die klugen Dinge,,ok,https://www.rottentomatoes.com/m/les_choses_de_la_vie,The Things of Life,,,,92,POSITIVE,PG
5599,Bahnwärter Thiel,,ok,https://www.rottentomatoes.com/m/maggie-annie,Maggie & Annie,,,,45,NEGATIVE,
5619,« Allô police » Retour à l'envoyeur,,ok,https://www.rottentomatoes.com/m/confessione-di-un-commissario-di-polizia-al-procuratore-della-repubblica,Confessions of a Police Captain,,,,69,POSITIVE,PG
5621,Sexy Erotic Job,,ok,https://www.rottentomatoes.com/m/inside_job_2010,Inside Job (2010),,98,POSITIVE,91,POSITIVE,PG-13
5624,The Corpse Packs His Bags,,ok,https://www.rottentomatoes.com/m/the_corpse_of_anna_fritz,The Corpse of Anna Fritz,,50,NEGATIVE,42,NEGATIVE,
5636,Treasure of Silver Lake,,ok,https://www.rottentomatoes.com/m/der_schatz_im_silbersee_2011,The Treasure of Silver Lake,,,,50,NEGATIVE,
5637,Only the Wind Knows the Answer,,ok,https://www.rottentomatoes.com/m/only_the_river_knows,Only the River Knows,,,,,,
5647,The French Peep Show,,ok,https://www.rottentomatoes.com/m/burlesque_in_harlem,Burlesque in Harlem,,,,,,
5649,Skyscrapers and Brassieres,,ok,https://www.rottentomatoes.com/m/star_wars_the_mandalorian_and_grogu,Star Wars: The Mandalorian and Grogu,,60,POSITIVE,87,POSITIVE,PG-13
5650,The Naked Camera,,ok,https://www.rottentomatoes.com/m/the_naked_gun_2025,The Naked Gun (2025),,88,POSITIVE,72,POSITIVE,PG-13
5651,Up!,,ok,https://www.rottentomatoes.com/m/cover_up_2025,Cover-Up (2025),,98,POSITIVE,81,POSITIVE,R
5655,Dairy of Terror,,ok,https://www.rottentomatoes.com/m/toy_story_of_terror,Toy Story of Terror!,,94,POSITIVE,84,POSITIVE,
5656,Black Snake,,ok,https://www.rottentomatoes.com/m/black_snake_moan,Black Snake Moan,,66,POSITIVE,69,POSITIVE,R
5658,Mondkalb,,ok,https://www.rottentomatoes.com/m/il_commissario_montalbano_il_cane_di_terracotta,Il Commissario Montalbano: Il cane di terracotta,,,,,,
5669,Cult People,,ok,https://www.rottentomatoes.com/m/snake_people_1968,The Snake People (1968),,,,11,NEGATIVE,
5674,Pandora Peaks,,ok,https://www.rottentomatoes.com/m/twin-peaks-fire-walk-with-me,Twin Peaks: Fire Walk With Me,,66,POSITIVE,78,POSITIVE,R
5676,Playboy's Voluptuous Vixens,,ok,https://www.rottentomatoes.com/m/playboys,The Playboys,,92,POSITIVE,54,NEGATIVE,PG-13
5692,Hunks in Hedonism,,ok,https://www.rottentomatoes.com/m/in_the_grey,In the Grey,,49,NEGATIVE,83,POSITIVE,R
5701,Red Zora,,ok,https://www.rottentomatoes.com/m/red_dawn_2012,Red Dawn (2012),,15,NEGATIVE,50,NEGATIVE,PG-13
5702,Perfect Lies,,ok,https://www.rottentomatoes.com/m/picture_perfect_lies,Picture Perfect Lies,,,,,,
5704,Playboy: The Story of X,,ok,https://www.rottentomatoes.com/m/the-story-of-molly-x,The Story of Molly X,,,,,,
5721,Vixen!,,ok,https://www.rottentomatoes.com/m/russ_meyers_vixen,Russ Meyer's Vixen,,100,POSITIVE,56,NEGATIVE,
5726,Mondo Topless,,ok,https://www.rottentomatoes.com/m/mondo_cane,Mondo Cane,,50,NEGATIVE,52,NEGATIVE,R
5727,The Desperate Women,,ok,https://www.rottentomatoes.com/m/omen_iv_the_awakening,Omen IV: The Awakening,,17,NEGATIVE,23,NEGATIVE,TV-PG
5729,L'Âge d'or,,ok,https://www.rottentomatoes.com/m/the_golden_age_1930,L'Age d'Or (1930),,89,POSITIVE,81,POSITIVE,
5743,Liebe ist Geschmackssache,,ok,https://www.rottentomatoes.com/m/mothers_day_2016,Mother's Day (2016),,8,NEGATIVE,43,NEGATIVE,PG-13
5750,Playboy: 101 Ways to Excite Your Lover,,ok,https://www.rottentomatoes.com/m/50-ways-to-leave-your-lover,50 Ways to Leave Your Lover,,60,POSITIVE,20,NEGATIVE,R
5760,Circuit,,ok,https://www.rottentomatoes.com/m/1018891-short_circuit,Short Circuit,,62,POSITIVE,67,POSITIVE,PG
5762,Bounty Hunters 2: Hardball,,ok,https://www.rottentomatoes.com/m/bounty_hunters_2_hardball,Hardball,,,,21,NEGATIVE,R
5774,Omnibus: François Truffaut,,ok,https://www.rottentomatoes.com/m/francois_truffaut_une_autobiographie,"François Truffaut, une autobiographie",,,,,,
5777,Slaves of Sin,,ok,https://www.rottentomatoes.com/m/slaves_of_the_realm,Slaves of the Realm,,,,,,R
5778,Sexual Freedom in Denmark,,ok,https://www.rottentomatoes.com/m/danish_solution_the_rescue_of_the_jews_in_denmark,The Danish Solution: The Rescue of the Jews in Denmark,,,,,,
5800,Can I Do It Till I Need Glasses?,,ok,https://www.rottentomatoes.com/m/can_i_do_it_til_i_need_glasses,Can I Do It... Til I Need Glasses?,,,,15,NEGATIVE,R
5802,Sappho Darling,,ok,https://www.rottentomatoes.com/m/dont_worry_darling,Don't Worry Darling,,38,NEGATIVE,74,POSITIVE,R
5805,I am a Berliner,,ok,https://www.rottentomatoes.com/m/tony_robbins_i_am_not_your_guru,Tony Robbins: I Am Not Your Guru,,45,NEGATIVE,59,NEGATIVE,
5816,Waiter,,ok,https://www.rottentomatoes.com/m/el_mesero,The Waiter,,,,,,
5818,De Stedeling,,ok,https://www.rottentomatoes.com/m/stealing_sinatra,Stealing Sinatra,,,,22,NEGATIVE,R
5826,Ausgerechnet Weihnachten,,ok,https://www.rottentomatoes.com/m/ausgerechnet_sex,Ausgerechnet Sex!,,,,,,
5828,Bettis Bescherung,,ok,https://www.rottentomatoes.com/m/12_hour_shift,12 Hour Shift,,78,POSITIVE,47,NEGATIVE,
5829,Eine seltsame Bescherung,,ok,https://www.rottentomatoes.com/m/comfort_and_joy,Comfort and Joy,,,,45,NEGATIVE,TV-PG
5830,Eine stürmische Bescherung,,ok,https://www.rottentomatoes.com/m/comfort_and_joy,Comfort and Joy,,,,45,NEGATIVE,TV-PG
5831,Vier Meerjungfrauen,,ok,https://www.rottentomatoes.com/m/die_furchtlosen_vier,Die furchtlosen Vier,,,,,,
5832,Vier Meerjungfrauen II - Liebe à la carte,,ok,https://www.rottentomatoes.com/m/1067137-it_takes_two,It Takes Two,,8,NEGATIVE,60,POSITIVE,PG
5835,Die Weihnachtswette,,ok,https://www.rottentomatoes.com/m/thomas_kinkade_presents_christmas_lodge,Christmas Lodge,,,,49,NEGATIVE,
5840,St. Pauli Nacht,,ok,https://www.rottentomatoes.com/m/gegengerade_20359_st_pauli,Gegengerade - 20359 St. Pauli,,,,,,
5844,Alive,,ok,https://www.rottentomatoes.com/m/alive_2020,#Alive (2020),,88,POSITIVE,63,POSITIVE,
5845,Aragami,,ok,https://www.rottentomatoes.com/m/aragami,Aragami: The Raging God of Battle,,,,75,POSITIVE,
5848,Polizeirevier Davidswache,,ok,https://www.rottentomatoes.com/m/detective_story_1951,Detective Story (1951),,71,POSITIVE,71,POSITIVE,
5849,Der Arzt von St. Pauli,,ok,https://www.rottentomatoes.com/m/fluchtweg_st_pauli_grossalarm_fur_die_davidswache,The Priest of St. Pauli,,,,,,
5855,Homesick for St. Paul,,ok,https://www.rottentomatoes.com/m/holiday_for_lovers,Holiday for Lovers,,,,,,
5856,Hotel St. Pauli,,ok,https://www.rottentomatoes.com/m/desvio_de_noche,Night Detour,,,,,,
5858,The Angels of the Street,,ok,https://www.rottentomatoes.com/m/angels_of_the_street,Angels of the Street,,,,,,
5859,Jailbreak in Hamburg,,ok,https://www.rottentomatoes.com/m/depeche_mode_the_world_we_live_in_and_live_in_hamburg,Depeche Mode - The World We Live in and Live in Hamburg,,,,,,
5868,St. Pauli Forever,,ok,https://www.rottentomatoes.com/m/gegengerade_20359_st_pauli,Gegengerade - 20359 St. Pauli,,,,,,
5869,Der Pfarrer von St. Pauli,,ok,https://www.rottentomatoes.com/m/fluchtweg_st_pauli_grossalarm_fur_die_davidswache,The Priest of St. Pauli,,,,,,
5870,Das Herz von St. Pauli,,ok,https://www.rottentomatoes.com/m/die_engel_von_st_pauli,Carmen von St. Pauli,,,,,,
5874,Nurses for Sale,,ok,https://www.rottentomatoes.com/m/zombie_for_sale,Zombie for Sale,,89,POSITIVE,76,POSITIVE,
5875,Der Hurenstreik - Eine Liebe auf St. Pauli,,ok,https://www.rottentomatoes.com/m/water_lilies,Water Lilies,,81,POSITIVE,68,POSITIVE,
5887,Shadows over St. Pauli,,ok,https://www.rottentomatoes.com/m/gegengerade_20359_st_pauli,Gegengerade - 20359 St. Pauli,,,,,,
5888,Raid in St. Pauli,,ok,https://www.rottentomatoes.com/m/meet_me_in_st_louis,Meet Me in St. Louis,,99,POSITIVE,86,POSITIVE,
5890,Azumi 2: Death or Love,,ok,https://www.rottentomatoes.com/m/azumi_2,Azumi 2: Love or Death,,,,60,POSITIVE,
5891,Dark Nights in St Pauls,,ok,https://www.rottentomatoes.com/m/in_the_dark_2015,In the Dark (2015),,,,,,
5892,Kokain - Das Tagebuch der Inga L.,,ok,https://www.rottentomatoes.com/m/das_tagebuch_der_grete_muller,Raw 2: The Diary of Grete Müller,,,,,,
5893,Heiligabend auf St. Pauli,,ok,https://www.rottentomatoes.com/m/gegengerade_20359_st_pauli,Gegengerade - 20359 St. Pauli,,,,,,
5901,The Secret,,ok,https://www.rottentomatoes.com/m/the_secret_agent_2025,The Secret Agent (2025),,98,POSITIVE,82,POSITIVE,R
5904,Das Geheimnis von St. Pauli,,ok,https://www.rottentomatoes.com/m/barbie-a-mermaid-tale,Barbie in a Mermaid Tale,,,,76,POSITIVE,
5905,Die fidelen Detektive,,ok,https://www.rottentomatoes.com/m/emil_and_the_detectives_2002,Emil and the Detectives,,,,46,NEGATIVE,
5906,Docks of Hamburg,,ok,https://www.rottentomatoes.com/m/die_engel_von_st_pauli,Carmen von St. Pauli,,,,,,
5909,Jürgen Roland’s St. Pauli-Report,,ok,https://www.rottentomatoes.com/m/gegengerade_20359_st_pauli,Gegengerade - 20359 St. Pauli,,,,,,
5912,Zwei Bayern in St. Pauli,,ok,https://www.rottentomatoes.com/m/meet_me_in_st_louis,Meet Me in St. Louis,,99,POSITIVE,86,POSITIVE,
5913,Unter den Dächern von St. Pauli,,ok,https://www.rottentomatoes.com/m/die_engel_von_st_pauli,Carmen von St. Pauli,,,,,,
5914,Das Stunden-Hotel von St. Pauli,,ok,https://www.rottentomatoes.com/m/die_engel_von_st_pauli,Carmen von St. Pauli,,,,,,
5929,Koto,,ok,https://www.rottentomatoes.com/m/complicity_2018,Complicity (Kazenoki wa koto no youni) (2018),,100,POSITIVE,71,POSITIVE,
5930,Wir fahren mit der U-Bahn nach St. Pauli,,ok,https://www.rottentomatoes.com/m/1207149-taking_of_pelham_1_2_3,The Taking of Pelham 123,,51,NEGATIVE,52,NEGATIVE,R
5931,Straßenbekanntschaften auf St. Pauli,,ok,https://www.rottentomatoes.com/m/gegengerade_20359_st_pauli,Gegengerade - 20359 St. Pauli,,,,,,
5932,St. Pauli Between Night and Morning,,ok,https://www.rottentomatoes.com/m/saturday_night_and_sunday_morning,Saturday Night and Sunday Morning,,87,POSITIVE,87,POSITIVE,R
5933,St. Pauli Nachrichten: Thema Nr. 1,,ok,https://www.rottentomatoes.com/m/hot_traces_of_st_pauli_1971,Hot Traces of St. Pauli (1971),,,,,,
5935,Der Komödienstadel - St. Pauli in St. Peter,,ok,https://www.rottentomatoes.com/m/fluchtweg_st_pauli_grossalarm_fur_die_davidswache,The Priest of St. Pauli,,,,,,
5936,St. Pauli Herbertstraße,,ok,https://www.rottentomatoes.com/m/gegengerade_20359_st_pauli,Gegengerade - 20359 St. Pauli,,,,,,
5938,Der Sexbaron von St. Pauli,,ok,https://www.rottentomatoes.com/m/fluchtweg_st_pauli_grossalarm_fur_die_davidswache,The Priest of St. Pauli,,,,,,
5939,Between Hamburg and Haiti,,ok,https://www.rottentomatoes.com/m/thin_line_between_love_and_hate,A Thin Line Between Love and Hate,,15,NEGATIVE,77,POSITIVE,R
5954,So I Sleepwalk in Broad Daylight,,ok,https://www.rottentomatoes.com/m/in_broad_daylight,In Broad Daylight,,,,88,POSITIVE,
5957,Hölle Hamburg,,ok,https://www.rottentomatoes.com/m/the_hamburg_cell,The Hamburg Cell,,,,64,POSITIVE,
5958,In Hamburg sind die Nächte lang,,ok,https://www.rottentomatoes.com/m/24_hours_to_kill,24 Hours to Kill,,,,,,
5959,Vier Stunden von Elbe 1,,ok,https://www.rottentomatoes.com/m/westfront_1918_1930,Westfront 1918 (1930),,100,POSITIVE,82,POSITIVE,
5969,Schneemann sucht Schneefrau,,ok,https://www.rottentomatoes.com/m/engel_sucht_liebe,Engel sucht Liebe,,,,,,
5990,Zwei Weihnachtshunde,,ok,https://www.rottentomatoes.com/m/zwei_tage_hoffnung,Zwei Tage Hoffnung,,,,,,
5992,That Can't Shake Our Willi!,,ok,https://www.rottentomatoes.com/m/our_willi_is_the_best,Our Willi Is the Best,,,,,,
6008,Charleys Tante,,ok,https://www.rottentomatoes.com/m/psychosomatic,Psychosomatic,,,,,,
6009,The Sexy Dozen,,ok,https://www.rottentomatoes.com/m/the_second_greatest_sex,The Second Greatest Sex,,,,,,
6010,Charleys Tante,,ok,https://www.rottentomatoes.com/m/psychosomatic,Psychosomatic,,,,,,
6011,Der Haustyrann,,ok,https://www.rottentomatoes.com/m/der_hafenpastor,Der Hafenpastor,,,,,,
6012,Der Haustyrann,,ok,https://www.rottentomatoes.com/m/der_hafenpastor,Der Hafenpastor,,,,,,
6013,The Grouch,,ok,https://www.rottentomatoes.com/m/adventures_of_elmo_in_grouchland,The Adventures of Elmo in Grouchland,,77,POSITIVE,65,POSITIVE,G
6017,Das Weihnachts-Ekel,,ok,https://www.rottentomatoes.com/m/one_christmas_eve,One Christmas Eve,,,,42,NEGATIVE,TV-G
6018,Junge Leute brauchen Liebe,,ok,https://www.rottentomatoes.com/m/workers_for_the_good_lord_2000,Workers for the Good Lord (2000),,,,,,
6019,Charleys Onkel,,ok,https://www.rottentomatoes.com/m/uncle_drew,Uncle Drew,,62,POSITIVE,48,NEGATIVE,PG-13
6027,Mord im Pfarrhaus,,ok,https://www.rottentomatoes.com/m/keeping_mum,Keeping Mum,,57,NEGATIVE,74,POSITIVE,R
6029,Secret of the Blackbirds,,ok,https://www.rottentomatoes.com/m/night_at_the_museum_secret_of_the_tomb,Night at the Museum: Secret of the Tomb,,48,NEGATIVE,57,NEGATIVE,PG
6056,Lord Edgware Dies,,ok,https://www.rottentomatoes.com/m/poirot_lord_edgware_dies,Poirot: Lord Edgware Dies,,,,,,TV-G
6057,Futureshock: Comet,,ok,https://www.rottentomatoes.com/m/night_of_the_comet,Night of the Comet,,79,POSITIVE,58,NEGATIVE,PG-13
6078,The Strange Case of the End of Civilization as We Know It,,ok,https://www.rottentomatoes.com/m/strange_case_of_the_end_of_civilization_as_we_know_it,Bitcoin: The End of Money as We Know It,,,,78,POSITIVE,
6083,The Making of Agatha Christie's 'Evil Under the Sun',,ok,https://www.rottentomatoes.com/m/evil_under_the_sun,Evil Under the Sun,,86,POSITIVE,74,POSITIVE,PG
6108,The Lackered Box,,ok,https://www.rottentomatoes.com/m/the_box_in_the_attic,The Box in the Attic,,,,,,
6112,Agatha Christie: A Life in Pictures,,ok,https://www.rottentomatoes.com/m/stanley_kubrick_a_life_in_pictures,Stanley Kubrick: A Life in Pictures,,86,POSITIVE,89,POSITIVE,
6117,"Love, Dance, and 1000 Songs",,ok,https://www.rottentomatoes.com/m/love_sunshine_and_songs,"Love, Sunshine and Songs",,,,,,
6118,Schlag auf Schlag,,ok,https://www.rottentomatoes.com/m/embrace_of_the_serpent,Embrace of the Serpent,,97,POSITIVE,85,POSITIVE,
6123,Desire: The Tragedy of a Dancer,,ok,https://www.rottentomatoes.com/m/genuine_the_tragedy_of_a_vampire,Genuine: The Tragedy of a Vampire,,,,,,
6146,"Einmal Dieb, immer Dieb",,ok,https://www.rottentomatoes.com/m/he_thief_she_thief,"He thief, she thief",,,,,,
6147,"Can I Be Your Bratwurst, Please?",,ok,https://www.rottentomatoes.com/m/whitney_can_i_be_me,Whitney: Can I Be Me,,87,POSITIVE,63,POSITIVE,
6148,Liebestod,,ok,https://www.rottentomatoes.com/m/fool_for_love,Fool for Love,,79,POSITIVE,43,NEGATIVE,R
6149,Glatteis,,ok,https://www.rottentomatoes.com/m/ice_princess,Ice Princess,,52,NEGATIVE,58,NEGATIVE,G
6153,Der tolle Bomberg,,ok,https://www.rottentomatoes.com/m/der_fan,Der Fan,,,,,,
6154,The Mad Bomberg,,ok,https://www.rottentomatoes.com/m/the_mad_bomber,The Mad Bomber,,,,29,NEGATIVE,R
6155,The Man Who Was Sherlock Holmes,,ok,https://www.rottentomatoes.com/m/man_who_was_sherlock_holmes,"Der Mann, der Sherlock Holmes war (The Man Who Was Sherlock Holmes)(Two Merry Adventurers)",,,,73,POSITIVE,
6156,Sehnsucht nach Rimini,,ok,https://www.rottentomatoes.com/m/saathiya,Saathiya,,,,83,POSITIVE,
6158,Lügen haben hübsche Beine,,ok,https://www.rottentomatoes.com/m/big_fat_liar,Big Fat Liar,,45,NEGATIVE,44,NEGATIVE,PG
6159,"Dr. Sommerfeld - Alte Träume, neue Liebe",,ok,https://www.rottentomatoes.com/m/something_new,Something New,,60,POSITIVE,73,POSITIVE,PG-13
6162,"Morgen, ihr Luschen! Der Ausbilder-Schmidt-Film",,ok,https://www.rottentomatoes.com/m/morgen_ihr_luschen_der_ausbilder_schmidt_film,Instructor Schmidt,,,,,,
6165,Die schöne Müllerin,,ok,https://www.rottentomatoes.com/m/zwei_supertypen_in_miami_die_schone_mit_dem_kleinen_tick,Zwei Supertypen in Miami - Die Schöne mit dem kleinen Tick,,,,,,
6167,Das Glück ist eine Insel,,ok,https://www.rottentomatoes.com/m/heathens_and_thieves_2012,Heathens and Thieves (2012),,,,32,NEGATIVE,R
6168,Was heißt hier Oma!,,ok,https://www.rottentomatoes.com/m/then_is_it_the_end,Then Is It the End?,,,,,,
6169,Mit deinen Augen,,ok,https://www.rottentomatoes.com/m/christmas_all_over_again,Christmas All Over Again,,,,38,NEGATIVE,PG
6172,My Führer,,ok,https://www.rottentomatoes.com/m/my_fuehrer,Mein Führer: The Truly Truest Truth About Adolf Hitler,,,,54,NEGATIVE,
6175,Sommernachtstod,,ok,https://www.rottentomatoes.com/m/1090918-midsummer_nights_dream,William Shakespeare's A Midsummer Night's Dream,,66,POSITIVE,60,POSITIVE,PG-13
6177,Sisi/Last Minute,,ok,https://www.rottentomatoes.com/m/the_last_minute,The Last Minute,,,,67,POSITIVE,R
6180,I'll Wait on You Hand and Foot,,ok,https://www.rottentomatoes.com/m/ich_werde_dich_toten_wolf,Ich Werde Dich Auf Händen Tragen,,,,,,
6185,Dream Chasers,,ok,https://www.rottentomatoes.com/m/the_dream_chasers,The Dream Chasers,,,,,,PG
6200,Die Eisblumen Farm,,ok,https://www.rottentomatoes.com/m/the_furies,The Furies,,91,POSITIVE,79,POSITIVE,
6202,Thri3ller,,ok,https://www.rottentomatoes.com/m/sing_thriller,Sing: Thriller,,,,65,POSITIVE,
6204,Bis dass dein Tod uns scheidet,,ok,https://www.rottentomatoes.com/m/the_invitation_2022_2,The Invitation (2022),,32,NEGATIVE,59,NEGATIVE,PG-13
6205,Duel at Night,,ok,https://www.rottentomatoes.com/m/night_at_the_museum_secret_of_the_tomb,Night at the Museum: Secret of the Tomb,,48,NEGATIVE,57,NEGATIVE,PG
6206,Krieg der Frauen,,ok,https://www.rottentomatoes.com/m/mortal_engines_krieg_der_stadte_test_2018,Mortal Engines: Krieg der Städte [TEST] (2018),,,,,,
6207,Voll korrekte Jungs,,ok,https://www.rottentomatoes.com/m/boyz_n_babes,Boyz 'n' Babes,,,,,,
6208,Es muss Liebe sein,,ok,https://www.rottentomatoes.com/m/how_do_you_know,How Do You Know,,32,NEGATIVE,25,NEGATIVE,PG-13
6209,Späte Aussicht,,ok,https://www.rottentomatoes.com/m/state_of_siege,State of Siege,,78,POSITIVE,89,POSITIVE,
6210,Fürchte dich nicht,,ok,https://www.rottentomatoes.com/m/you_dont_mess_with_the_zohan,You Don't Mess With the Zohan,,37,NEGATIVE,45,NEGATIVE,PG-13
6213,The Last One Put Out the Light,,ok,https://www.rottentomatoes.com/m/the_last_one_for_the_road,The Last One for the Road,,87,POSITIVE,,,
6214,Einmal noch die Heimat seh’n,,ok,https://www.rottentomatoes.com/m/home_from_home_chronicle_of_a_vision_2015,Home From Home - Chronicle of a Vision,,85,POSITIVE,92,POSITIVE,
6215,Niete zieht Hauptgewinn,,ok,https://www.rottentomatoes.com/m/before_i_fall,Before I Fall,,64,POSITIVE,57,NEGATIVE,PG-13
6224,Clear the stage for Marika,,ok,https://www.rottentomatoes.com/m/blueys_big_play_the_stage_show,Bluey's Big Play: The Stage Show,,,,,,
6225,Übermut im Salzkammergut,,ok,https://www.rottentomatoes.com/m/im_still_here_2024,I'm Still Here (2024),,97,POSITIVE,97,POSITIVE,PG-13
6226,Mein Weg zu dir heißt Liebe,,ok,https://www.rottentomatoes.com/m/mein_weg_zu_dir,Mein Weg zu dir,,,,,,
6227,Pizza Colonia,,ok,https://www.rottentomatoes.com/m/pizza_movie,Pizza Movie,,79,POSITIVE,64,POSITIVE,
6228,Räuber und Gendarm,,ok,https://www.rottentomatoes.com/m/guardie-e-ladri,Cops and Robbers,,,,,,
6230,Die Hochzeit meiner Töchter,,ok,https://www.rottentomatoes.com/m/the_wedding_pact,The Wedding Pact,,,,14,NEGATIVE,
6231,Ein Polterabend,,ok,https://www.rottentomatoes.com/m/ein_sommer_in_vietnam_2008,Ein Sommer in Vietnam (1),,,,,,
6232,Polterabend,,ok,https://www.rottentomatoes.com/m/1001526-bachelor_party,Bachelor Party,,54,NEGATIVE,56,NEGATIVE,R
6233,Polterabend,,ok,https://www.rottentomatoes.com/m/1001526-bachelor_party,Bachelor Party,,54,NEGATIVE,56,NEGATIVE,R
6236,Wedding Shower,,ok,https://www.rottentomatoes.com/m/bergeron_brothers_wedding_videographers,Bergeron Brothers: Wedding Videographers,,,,,,
6277,Crime Spree,,ok,https://www.rottentomatoes.com/m/derrick_js_victimless_crime_spree_2012,Derrick J's Victimless Crime Spree (2012),,,,87,POSITIVE,
6281,Klein Erna auf dem Jungfernstieg,,ok,https://www.rottentomatoes.com/m/mars_ein_tag_auf_dem_roten_planeten,Mars: Ein Tag auf dem Roten Planeten,,,,,,
6283,MouseHunt,,ok,https://www.rottentomatoes.com/m/mouse_hunt,Mouse Hunt,,50,NEGATIVE,50,NEGATIVE,PG
6304,Meine Tochter darf es nie erfahren,,ok,https://www.rottentomatoes.com/m/my-daughters-tears,Against All Evidence,,,,,,
6310,The Boss from the West,,ok,https://www.rottentomatoes.com/m/food_delivery_fresh_from_the_west_philippine_sea,Food Delivery: Fresh from the West Philippine Sea,,,,,,
6317,Rosenstrasse,,ok,https://www.rottentomatoes.com/m/rosenstrasse,Rosenstraße,,56,NEGATIVE,67,POSITIVE,PG-13
6318,Vaya con Dios,,ok,https://www.rottentomatoes.com/m/adios_vaya_con_dios_2016,Adios Vaya Con Dios (2016),,,,99,POSITIVE,
6320,Police,,ok,https://www.rottentomatoes.com/m/team_america_world_police,Team America: World Police,,77,POSITIVE,80,POSITIVE,R
6322,"Theo, Agnes, Bibi und die anderen",,ok,https://www.rottentomatoes.com/m/vincent_francois_paul_and_the_others,"Vincent, Francois, Paul... and the Others",,88,POSITIVE,86,POSITIVE,
6334,Erbin mit Herz,,ok,https://www.rottentomatoes.com/m/patch_adams,Patch Adams,,22,NEGATIVE,73,POSITIVE,PG-13
6335,Oh Tannenbaum,,ok,https://www.rottentomatoes.com/m/oh_hi,"Oh, Hi!",,64,POSITIVE,65,POSITIVE,R
6359,Der Ruf der Berge,,ok,https://www.rottentomatoes.com/m/big_miracle,Big Miracle,,74,POSITIVE,64,POSITIVE,PG
6361,Der Ruf der Berge - Schatten der Vergangenheit,,ok,https://www.rottentomatoes.com/m/corps_a_corps,Body to Body,,,,65,POSITIVE,
6363,Die Geierwally,,ok,https://www.rottentomatoes.com/m/good_luck_have_fun_dont_die,"Good Luck, Have Fun, Don't Die",,82,POSITIVE,84,POSITIVE,R
6364,Die Geierwally,,ok,https://www.rottentomatoes.com/m/good_luck_have_fun_dont_die,"Good Luck, Have Fun, Don't Die",,82,POSITIVE,84,POSITIVE,R
6365,Wally of the Vultures,,ok,https://www.rottentomatoes.com/m/east_of_the_mountains,East of the Mountains,,100,POSITIVE,59,NEGATIVE,
6366,Geierwally,,ok,https://www.rottentomatoes.com/m/muhi_generally_temporary,Muhi: Generally Temporary,,,,,,
6367,Die Geierwally,,ok,https://www.rottentomatoes.com/m/good_luck_have_fun_dont_die,"Good Luck, Have Fun, Don't Die",,82,POSITIVE,84,POSITIVE,R
6368,Holidays in Tyrol,,ok,https://www.rottentomatoes.com/m/trolls_holiday_in_harmony,Trolls: Holiday In Harmony,,,,82,POSITIVE,
6369,Der Weihnachtsmörder,,ok,https://www.rottentomatoes.com/m/der_hafenpastor,Der Hafenpastor,,,,,,
6372,"Hilfe, ich liebe Zwillinge!",,ok,https://www.rottentomatoes.com/m/ich_liebe_dich_2014,Ich Liebe Dich,,,,,,
6374,Happy Divorced,,ok,https://www.rottentomatoes.com/m/how_to_break_up_a_happy_divorce,How to Break Up a Happy Divorce,,,,,,
6385,Meine beste Feindin,,ok,https://www.rottentomatoes.com/m/your_sisters_sister,Your Sister's Sister,,85,POSITIVE,66,POSITIVE,R
6386,Ninotschka,,ok,https://www.rottentomatoes.com/m/ninotchka,Ninotchka,,95,POSITIVE,89,POSITIVE,
6397,Xaver und sein außerirdischer Freund,,ok,https://www.rottentomatoes.com/m/winnetou_and_old_firehand,Winnetou and Old Firehand,,,,,,
6398,Nebenwirkungen,,ok,https://www.rottentomatoes.com/m/side_effects_2013,Side Effects (2013),,82,POSITIVE,70,POSITIVE,R
6400,Heute fängt mein Leben an,,ok,https://www.rottentomatoes.com/m/whose_life_is_it_anyway,Whose Life Is It Anyway?,,70,POSITIVE,79,POSITIVE,R
6401,Email to Bill Gates,,ok,https://www.rottentomatoes.com/m/bill_gates,Bill Gates,,,,,,
6420,Die Ratte,,ok,https://www.rottentomatoes.com/m/your_friend_the_rat,Your Friend the Rat,,,,62,POSITIVE,
6444,Auntie Danielle,,ok,https://www.rottentomatoes.com/m/auntie_mame,Auntie Mame,,88,POSITIVE,93,POSITIVE,
6460,Die Datsche,,ok,https://www.rottentomatoes.com/m/an_die_grenze,An die Grenze,,,,,,
6462,Der falsche Tod,,ok,https://www.rottentomatoes.com/m/the_death_of_maria_malibran,The Death Of Maria Malibran (Der Tod der Maria Malibran),,,,,,
6464,Ohne einander,,ok,https://www.rottentomatoes.com/m/snoopy_presents_one_of_a_kind_marcie,Snoopy Presents: One-of-a-Kind Marcie,,,,89,POSITIVE,TV-Y
6465,Noch einmal lieben,,ok,https://www.rottentomatoes.com/m/last_holiday_2006,Last Holiday (2006),,57,NEGATIVE,67,POSITIVE,PG-13
6489,Lawine,,ok,https://www.rottentomatoes.com/m/williamswood,Williamswood,,,,,,
6497,Max der Taschendieb,,ok,https://www.rottentomatoes.com/m/coconut_the_dragon,Coconut the Dragon,,,,,,
6500,Mein Freund der Scheich,,ok,https://www.rottentomatoes.com/m/free_willy,Free Willy,,71,POSITIVE,50,NEGATIVE,PG
6501,Gruß und Kuss vom Tegernsee,,ok,https://www.rottentomatoes.com/m/lady_country_doctor,Lady Country Doctor,,,,,,
6502,Der lange Weg ans Licht,,ok,https://www.rottentomatoes.com/m/lion_2016,Lion (2016),,84,POSITIVE,91,POSITIVE,PG-13
6509,Wenn die Heide blüht,,ok,https://www.rottentomatoes.com/m/dont_look_now,Don't Look Now,,93,POSITIVE,76,POSITIVE,R
6510,Die Kandidatin,,ok,https://www.rottentomatoes.com/m/good_luck_have_fun_dont_die,"Good Luck, Have Fun, Don't Die",,82,POSITIVE,84,POSITIVE,R
6514,Die Todesautomatik,,ok,https://www.rottentomatoes.com/m/good_luck_have_fun_dont_die,"Good Luck, Have Fun, Don't Die",,82,POSITIVE,84,POSITIVE,R
6522,Life,,ok,https://www.rottentomatoes.com/m/the_life_of_chuck,The Life of Chuck,,80,POSITIVE,88,POSITIVE,R
6526,Otto ist auf Frauen scharf,,ok,https://www.rottentomatoes.com/m/be_cool,Be Cool,,29,NEGATIVE,42,NEGATIVE,PG-13
6528,Der Novembermann,,ok,https://www.rottentomatoes.com/m/der_hafenpastor,Der Hafenpastor,,,,,,
6536,Streets of Rio,,ok,https://www.rottentomatoes.com/m/streets_of_fire,Streets of Fire,,69,POSITIVE,70,POSITIVE,PG
6553,No More Mr. Nice Guy,,ok,https://www.rottentomatoes.com/m/silverhawks_no_more_mr_nice_guy,Silverhawks - No More Mr. Nice Guy,,,,,,
6578,Der Tag des Jorun,,ok,https://www.rottentomatoes.com/m/ladyhawke,Ladyhawke,,68,POSITIVE,74,POSITIVE,PG-13
6580,Der Butler und die Prinzessin,,ok,https://www.rottentomatoes.com/m/barbie_the_princess_andamp_the_pop_star,Barbie: The Princess & the Popstar,,,,63,POSITIVE,
6581,Am nächsten Morgen kehrte der Minister nicht an seinen Arbeitsplatz zurück,,ok,https://www.rottentomatoes.com/m/1135237-kal_ho_naa_ho,Tomorrow May Never Come,,73,POSITIVE,91,POSITIVE,
6582,Ein Teufel für Familie Engel,,ok,https://www.rottentomatoes.com/m/un-angelo-per-satana,An Angel for Satan,,,,67,POSITIVE,
6588,Der eiserne Gustav,,ok,https://www.rottentomatoes.com/m/black_shield_of_falworth,The Black Shield of Falworth,,,,39,NEGATIVE,
6592,Im singenden Rössel am Königssee,,ok,https://www.rottentomatoes.com/m/tercer_grado,Day Release,,,,,,
6621,Letztes Kapitel,,ok,https://www.rottentomatoes.com/m/fallada_letztes_kapitel_2013,Fallada: The Last Chapter,,,,,,
6624,Mord am Meer,,ok,https://www.rottentomatoes.com/m/blood_2012,Blood (2012),,52,NEGATIVE,33,NEGATIVE,
6628,Counter Shot: Departure of the Filmmakers,,ok,https://www.rottentomatoes.com/m/gegenschuss-aufbruch-der-filmemacher,Reverse Angle: Rebellion of the Filmmakers,,,,,,
6630,Sohn ohne Heimat,,ok,https://www.rottentomatoes.com/m/plymouth_adventure,Plymouth Adventure,,,,34,NEGATIVE,
6632,Die blonde Christl,,ok,https://www.rottentomatoes.com/m/the_blonde_with_bare_breasts,La blonde aux seins nus,,,,30,NEGATIVE,
6633,Der kühne Schwimmer,,ok,https://www.rottentomatoes.com/m/swimmer,The Swimmer,,100,POSITIVE,83,POSITIVE,PG
6634,Der Etappenhase,,ok,https://www.rottentomatoes.com/m/secret_war_of_harry_frigg,The Secret War of Harry Frigg,,40,NEGATIVE,46,NEGATIVE,
6635,Zwei Bayern im Harem,,ok,https://www.rottentomatoes.com/m/harum_scarum,Harum Scarum,,,,29,NEGATIVE,
6645,"Eine Frau, die weiß was sie will",,ok,https://www.rottentomatoes.com/m/chest_of_drawers_was_lead_through_the_street,Chest of Drawers Was Lead Through the Street...,,,,,,
6647,Mikosch of the Secret Service,,ok,https://www.rottentomatoes.com/m/no-1-of-the-secret-service-her-majestys-top-guntell-the-other-guy-to-move-over-im-number-one,No. 1 of the Secret Service,,,,45,NEGATIVE,PG
6656,Wenn am Sonntagabend die Dorfmusik spielt,,ok,https://www.rottentomatoes.com/m/lightning_fire_from_the_sky,Lightning: Fire From the Sky,,,,50,NEGATIVE,
6663,"Goodbye, Francesca!",,ok,https://www.rottentomatoes.com/m/goodbye_june,Goodbye June,,64,POSITIVE,70,POSITIVE,R
6688,Der Edelweißkönig,,ok,https://www.rottentomatoes.com/m/der_hafenpastor,Der Hafenpastor,,,,,,
6689,Trees Are Blooming in Vienna,,ok,https://www.rottentomatoes.com/m/palm_trees_in_the_snow,Palm Trees in the Snow,,83,POSITIVE,77,POSITIVE,
6692,Der Schandfleck,,ok,https://www.rottentomatoes.com/m/der_hafenpastor,Der Hafenpastor,,,,,,
6693,Die Deutschmeister,,ok,https://www.rottentomatoes.com/m/good_luck_have_fun_dont_die,"Good Luck, Have Fun, Don't Die",,82,POSITIVE,84,POSITIVE,R
6694,Die singenden Engel von Tirol,,ok,https://www.rottentomatoes.com/m/die_engel_von_st_pauli,Carmen von St. Pauli,,,,,,
6695,Die Winzerin von Langenlois,,ok,https://www.rottentomatoes.com/m/things_that_hang_from_trees,Things That Hang From Trees,,,,20,NEGATIVE,R
6697,According to Plan,,ok,https://www.rottentomatoes.com/m/truth_in_numbers_everything_according_to_wikipedia_2011,"Truth in Numbers? Everything, According to Wikipedia",,,,56,NEGATIVE,
6703,"Küss mich, Genosse!",,ok,https://www.rottentomatoes.com/m/kiss_me_stupid,"Kiss Me, Stupid",,75,POSITIVE,66,POSITIVE,PG-13
6720,Verdammt die jungen Sünder nicht,,ok,https://www.rottentomatoes.com/m/return_of_the_living_dead,The Return of the Living Dead,,71,POSITIVE,80,POSITIVE,R
6722,Das Siegel Gottes,,ok,https://www.rottentomatoes.com/m/the_pirates_2014,The Pirates (2014),,57,NEGATIVE,55,NEGATIVE,
6794,Rosen aus dem Süden,,ok,https://www.rottentomatoes.com/m/iron_giant,The Iron Giant,,96,POSITIVE,90,POSITIVE,PG
6795,Zathura: A Space Adventure,,ok,https://www.rottentomatoes.com/m/zathura_a_space_adventure,Zathura,,77,POSITIVE,52,NEGATIVE,PG
6881,Zwei Bayern im Urwald,,ok,https://www.rottentomatoes.com/m/1220289-all_the_best,All the Best,,,,52,NEGATIVE,
6882,Zwei Herzen voller Seligkeit,,ok,https://www.rottentomatoes.com/m/mujhse-shaadi-karogi,Mujhse Shaadi Karoge,,,,68,POSITIVE,
6883,Two-Minute Warning,,ok,https://www.rottentomatoes.com/m/two_minute_warning,Two Minute Warning,,29,NEGATIVE,44,NEGATIVE,R
6913,Witwer mit 5 Töchtern,,ok,https://www.rottentomatoes.com/m/el_cinco,El Cinco,,,,42,NEGATIVE,
6915,Two Among Millions,,ok,https://www.rottentomatoes.com/m/two_hearts_among_the_beasts,Two Hearts Among the Beasts,,,,,,
6932,Zwölf Mädchen und ein Mann,,ok,https://www.rottentomatoes.com/m/three_women_and_a_man,Three Women and a... Man?,,,,,,
6956,Waldrausch,,ok,https://www.rottentomatoes.com/m/kolumbiens_blutiger_goldrausch,Kolumbiens blutiger Goldrausch,,,,,,
6957,The 40 Year Old Virgin,,ok,https://www.rottentomatoes.com/m/the_40_year_old_virgin,The 40 Year-Old Virgin,,85,POSITIVE,84,POSITIVE,R
6959,What Women Dream,,ok,https://www.rottentomatoes.com/m/what-80-million-women-want,What Women Want,,,,,,
6960,Was ist denn bloß mit Willi los?,,ok,https://www.rottentomatoes.com/m/what_about_bob,What About Bob?,,71,POSITIVE,79,POSITIVE,PG
6965,Das weiße Abenteuer,,ok,https://www.rottentomatoes.com/m/das_weisse_abenteuer,Das Weisse Abenteuer,,,,,,
6967,The White Masai,,ok,https://www.rottentomatoes.com/m/die-weisse-massai-the-white-massai,The White Massai,,63,POSITIVE,70,POSITIVE,
6975,When the White Lilacs Bloom Again,,ok,https://www.rottentomatoes.com/m/when_we_bloom_again,When We Bloom Again,,,,,,
6976,Whoever Slew Auntie Roo?,,ok,https://www.rottentomatoes.com/m/who_slew_auntie_roo,Who Slew Auntie Roo?,,60,POSITIVE,45,NEGATIVE,PG-13
6981,Mitte 30,,ok,https://www.rottentomatoes.com/m/13_going_on_30,13 Going on 30,,65,POSITIVE,71,POSITIVE,PG-13
6983,The Gang Next Door,,ok,https://www.rottentomatoes.com/m/the_man_next_door_2,The Man Next Door,,,,,,
7057,Fire Below Deck,,ok,https://www.rottentomatoes.com/m/murder_below_deck,Murder Below Deck,,,,,,
7070,Willi wird das Kind schon schaukeln,,ok,https://www.rottentomatoes.com/m/willi_manages_the_whole_thing,Willi Manages the Whole Thing,,,,,,
7210,Hardcover,,ok,https://www.rottentomatoes.com/m/i_madman,"I, Madman",,71,POSITIVE,40,NEGATIVE,R
7213,Verlobung am Wolfgangsee,,ok,https://www.rottentomatoes.com/m/i_am_frankelda,I Am Frankelda,,95,POSITIVE,80,POSITIVE,PG
7216,Doctor Butcher M.D.,,ok,https://www.rottentomatoes.com/m/zombie_holocaust,Dr. Butcher M.D.,,,,38,NEGATIVE,
7217,The Lost Face,,ok,https://www.rottentomatoes.com/m/the_last_face_2017,The Last Face,,8,NEGATIVE,35,NEGATIVE,R
7219,Zombie Flesh Eaters,,ok,https://www.rottentomatoes.com/m/zombi_2,Zombi 2,,45,NEGATIVE,69,POSITIVE,
7228,Vienna,,ok,https://www.rottentomatoes.com/m/viena_and_the_fantomes,Viena and the Fantomes,,20,NEGATIVE,26,NEGATIVE,R
7229,Ruby & Quentin,,ok,https://www.rottentomatoes.com/m/tais_toi,Shut Up,,,,80,POSITIVE,
7230,Viktor und Viktoria,,ok,https://www.rottentomatoes.com/m/viktor_and_viktoria,Viktor and Viktoria,,,,67,POSITIVE,
7266,What on Earth Have I Done Wrong?!,,ok,https://www.rottentomatoes.com/m/dune_part_two,Dune: Part Two,,92,POSITIVE,95,POSITIVE,PG-13
7271,Die Letzte Droge,,ok,https://www.rottentomatoes.com/m/die_letzte_pointe,Die letzte Pointe,,,,,,
7273,Space Riders,,ok,https://www.rottentomatoes.com/m/space_raiders,Space Raiders,,,,20,NEGATIVE,PG
7275,La Rampe,,ok,https://www.rottentomatoes.com/m/limelight,Limelight,,87,POSITIVE,90,POSITIVE,G
7279,Search for the Jewel of Polaris: Mysterious Museum,,ok,https://www.rottentomatoes.com/m/mysterious_museum,Mystery Museum,,,,,,PG
7291,36th Precinct,,ok,https://www.rottentomatoes.com/m/thirty_six_quai_des_orfevres,36,,100,POSITIVE,81,POSITIVE,
7296,Germanikus,,ok,https://www.rottentomatoes.com/m/the_imagined_wolf,The Imagined Wolf,,,,,,
7297,Fleisch ist mein Gemüse,,ok,https://www.rottentomatoes.com/m/what_keeps_you_alive,What Keeps You Alive,,82,POSITIVE,44,NEGATIVE,R
7302,Toma de Razon,,ok,https://www.rottentomatoes.com/m/friends_have_reasons,Friends Have Reasons,,,,,,
7305,Alive,,ok,https://www.rottentomatoes.com/m/alive_2020,#Alive (2020),,88,POSITIVE,63,POSITIVE,
7327,"Küss mich, wenn es Liebe ist",,ok,https://www.rottentomatoes.com/m/how_do_you_know,How Do You Know,,32,NEGATIVE,25,NEGATIVE,PG-13
7349,Freddy and the Millionaire,,ok,https://www.rottentomatoes.com/m/mia_and_the_millionaire,Mia and the Millionaire,,,,,,
7449,Suddenly Gina,,ok,https://www.rottentomatoes.com/m/1020415-suddenly,Suddenly,,100,POSITIVE,62,POSITIVE,
7451,xXx,,ok,https://www.rottentomatoes.com/m/thinking_xxx,Thinking XXX,,,,65,POSITIVE,
7456,The Cloud,,ok,https://www.rottentomatoes.com/m/the_clouds_2024,The Clouds (2024),,,,,,
7458,Man spricht deutsh,,ok,https://www.rottentomatoes.com/m/woman_of_the_year,Woman of the Year,,86,POSITIVE,80,POSITIVE,
7460,Die Anruferin,,ok,https://www.rottentomatoes.com/m/die_anruferin,The Calling Game,,,,,,
7462,Einfach nur Liebe,,ok,https://www.rottentomatoes.com/m/pyaar-kiya-to-darna-kya,Pyaar Kiya To Darna Kya,,,,76,POSITIVE,
7504,Earth,,ok,https://www.rottentomatoes.com/m/earth_wind_and_fire_to_be_celestial_vs_thats_the_weight_of_the_world,"Earth, Wind & Fire (To Be Celestial vs. That's the Weight of the World)",,100,POSITIVE,,,
7509,Water,,ok,https://www.rottentomatoes.com/m/deep_water_2026,Deep Water (2026),,68,POSITIVE,71,POSITIVE,R
7553,Waiting...,,ok,https://www.rottentomatoes.com/m/waiting,Waiting ...,,29,NEGATIVE,75,POSITIVE,R
7734,Nacht vor Augen,,ok,https://www.rottentomatoes.com/m/a-heros-welcome,A Hero's Welcome,,,,80,POSITIVE,
7837,The Time Shifters,,ok,https://www.rottentomatoes.com/m/the_time_shifters,The TimeShifters,,,,46,NEGATIVE,PG-13
7858,Heute hau'n wir auf die Pauke,,ok,https://www.rottentomatoes.com/m/ready_or_not_2019,Ready or Not (2019),,89,POSITIVE,78,POSITIVE,R
7864,Wiedersehen in Verona,,ok,https://www.rottentomatoes.com/m/howards_end,Howards End,,94,POSITIVE,81,POSITIVE,PG
7866,Evil,,ok,https://www.rottentomatoes.com/m/kolory_zla_czern,Colors of Evil: Black,,,,,,
7867,Boy Lost Girl,,ok,https://www.rottentomatoes.com/m/girl_haunts_boy,Girl Haunts Boy,,92,POSITIVE,82,POSITIVE,PG
7868,Nur ein Kuss,,ok,https://www.rottentomatoes.com/m/a_simple_favor,A Simple Favor,,84,POSITIVE,72,POSITIVE,R
7869,The Fest,,ok,https://www.rottentomatoes.com/m/zatoichis-conspiracy-zatoichi-at-the-blood-fest,Zatoichi's Conspiracy,,,,75,POSITIVE,
7914,Blackfire,,ok,https://www.rottentomatoes.com/m/black_fire,Black Fire,,,,,,
7915,Return 1993,,ok,https://www.rottentomatoes.com/m/point_of_no_return_1994,Point of No Return (1994),,,,,,
7942,Run Fatboy Run,,ok,https://www.rottentomatoes.com/m/10008621-run_fat_boy_run,Run Fat Boy Run,,46,NEGATIVE,64,POSITIVE,PG-13
7981,herzwärts,,ok,https://www.rottentomatoes.com/m/the_gleiwitz_case,The Gleiwitz Affair,,,,,,
8017,Mohini Bhasmasur,,ok,https://www.rottentomatoes.com/m/mohini_bhasmasura,Mohini Bhasmasura,,,,,,
8044,The last night of Pompeii,,ok,https://www.rottentomatoes.com/m/the_last_night_of_amore,The Last Night of Amore,,86,POSITIVE,86,POSITIVE,
8045,Manddrake,,ok,https://www.rottentomatoes.com/m/mandrake,Mandrake,,76,POSITIVE,38,NEGATIVE,
8059,Zeit der Fische,,ok,https://www.rottentomatoes.com/m/age_of_innocence,The Age of Innocence,,88,POSITIVE,75,POSITIVE,PG
8062,Sieben Mulden und eine Leiche,,ok,https://www.rottentomatoes.com/m/black_out_2012,Black Out (2012),,45,NEGATIVE,50,NEGATIVE,
8065,21,,ok,https://www.rottentomatoes.com/m/zenon_girl_of_the_21st_century,Zenon: Girl of the 21st Century,,,,61,POSITIVE,TV-G
8071,Tout Va Bien,,ok,https://www.rottentomatoes.com/m/tout_va_bien_2014,Tout va bien: 1er commandement du clown (2014),,,,,,
8074,2 or 3 Things I Know About Her,,ok,https://www.rottentomatoes.com/m/two_or_three_things_i_know_about_her,Two or Three Things I Know About Her,,94,POSITIVE,72,POSITIVE,
8077,Alien³,,ok,https://www.rottentomatoes.com/m/alien3,Alien 3,,43,NEGATIVE,46,NEGATIVE,R
8089,Decidme cómo es un árbol,,ok,https://www.rottentomatoes.com/m/life_as_a_house,Life as a House,,47,NEGATIVE,88,POSITIVE,R
8200,Neandertal,,ok,https://www.rottentomatoes.com/m/ao_le_dernier_neandertal_2010,"Ao, le dernier Néandertal (2010)",,,,34,NEGATIVE,
8202,Æon Flux,,ok,https://www.rottentomatoes.com/m/aeon_flux,Aeon Flux,,9,NEGATIVE,39,NEGATIVE,PG-13
8205,Die Österreichische Methode,,ok,https://www.rottentomatoes.com/m/youve_been_trumped_2011,You've Been Trumped (2011),,88,POSITIVE,71,POSITIVE,
8209,1st of May: All Belongs to You,,ok,https://www.rottentomatoes.com/m/all-the-colors-of-the-dark,Demons of the Dead,,,,66,POSITIVE,R
8211,Our Folks,,ok,https://www.rottentomatoes.com/m/sami_swoi_poczatek,Sami swoi. Początek,,,,,,
8212,Swing con Son,,ok,https://www.rottentomatoes.com/m/the_man_with_the_perfect_swing_1995_2,The Man With the Perfect Swing (1995),,,,,,
8265,Welcome to the Sticks,,ok,https://www.rottentomatoes.com/m/welcome_to_the_sticks,Welcome to the Land of Ch'tis,,67,POSITIVE,78,POSITIVE,
8279,Paris,,ok,https://www.rottentomatoes.com/m/from_paris_with_love,From Paris With Love,,37,NEGATIVE,54,NEGATIVE,R
8287,Draussen bleiben,,ok,https://www.rottentomatoes.com/m/gehen_und_bleiben,Gehen und Bleiben,,,,,,
8317,Tonight at Noon,,ok,https://www.rottentomatoes.com/m/stars_at_noon,Stars at Noon,,63,POSITIVE,14,NEGATIVE,R
8329,[REC],,ok,https://www.rottentomatoes.com/m/10009132-rec,Rec,,90,POSITIVE,82,POSITIVE,R
8345,Es geht um Alles,,ok,https://www.rottentomatoes.com/m/revolution_2013,Revolution,,67,POSITIVE,82,POSITIVE,PG
8352,Summer,,ok,https://www.rottentomatoes.com/m/hot_summer_nights,Hot Summer Nights,,46,NEGATIVE,58,NEGATIVE,R
8353,Limite,,ok,https://www.rottentomatoes.com/m/the_sunset_limited,The Sunset Limited,,68,POSITIVE,80,POSITIVE,TV-MA
8357,What the #$*! Do We (K)now!?,,ok,https://www.rottentomatoes.com/m/what_the__do_we_know,What the Bleep Do We Know!?,,34,NEGATIVE,69,POSITIVE,
8370,Hitman Zero,,ok,https://www.rottentomatoes.com/m/sensitive_new_age_killer,Sensitive New-Age Killer,,,,,,
8388,¡Three Amigos!,,ok,https://www.rottentomatoes.com/m/1021312-three_amigos,Three Amigos!,,44,NEGATIVE,67,POSITIVE,PG
8394,Brigadistas,,ok,https://www.rottentomatoes.com/m/the_teacher_1977,The Teacher,,,,,,
8417,"Süss, the Jew",,ok,https://www.rottentomatoes.com/m/harlan_in_the_shadow_of_jew_suss,Harlan: In the Shadow of Jew Süss,,86,POSITIVE,45,NEGATIVE,
8418,Kolberg,,ok,https://www.rottentomatoes.com/m/dude_and_the_tramp,Dude and the Tramp,,,,,,
8419,Die Mädels vom Immenhof,,ok,https://www.rottentomatoes.com/m/die_geschichte_vom_goldenen_taler,Die Geschichte vom goldenen Taler,,,,,,
8425,The Watchmaker of St. Paul,,ok,https://www.rottentomatoes.com/m/the_clockmaker_of_st_paul,The Clockmaker,,100,POSITIVE,79,POSITIVE,
8434,Summer Things,,ok,https://www.rottentomatoes.com/m/summer_things,See How They Run,,100,POSITIVE,59,NEGATIVE,
8435,A Cock and Bull Story,,ok,https://www.rottentomatoes.com/m/tristram_shandy_a_cock_and_bull_story,Tristram Shandy: A Cock and Bull Story,,88,POSITIVE,66,POSITIVE,R
8437,Your Happiness Depends on Me,,ok,https://www.rottentomatoes.com/m/your_eyes_on_me,Your Eyes On Me,,,,,,
8445,Madicken of June Hill,,ok,https://www.rottentomatoes.com/m/dune_part_two,Dune: Part Two,,92,POSITIVE,95,POSITIVE,PG-13
8465,Vier Tage Toskana,,ok,https://www.rottentomatoes.com/m/4_tage_im_mai,4 Days in May,,,,75,POSITIVE,
8469,Animal House,,ok,https://www.rottentomatoes.com/m/national_lampoons_animal_house,National Lampoon's Animal House,,89,POSITIVE,89,POSITIVE,R
8546,Nichts geht mehr,,ok,https://www.rottentomatoes.com/m/nena,Nena,,,,40,NEGATIVE,
8556,Am I Beautiful?,,ok,https://www.rottentomatoes.com/m/you_may_be_pretty_but_i_am_beautiful_the_adrian_street_story,"You May Be Pretty, but I Am Beautiful: The Adrian Street Story",,,,,,
8579,Bis dass der Tod uns scheidet,,ok,https://www.rottentomatoes.com/m/the_invitation_2022_2,The Invitation (2022),,32,NEGATIVE,59,NEGATIVE,PG-13
8585,My Beautiful Jinjiimaa,,ok,https://www.rottentomatoes.com/m/my_beautiful_laundrette,My Beautiful Laundrette,,95,POSITIVE,74,POSITIVE,R
8644,Die Menschenfischer,,ok,https://www.rottentomatoes.com/m/good_luck_have_fun_dont_die,"Good Luck, Have Fun, Don't Die",,82,POSITIVE,84,POSITIVE,R
8646,Der blinde Fleck,,ok,https://www.rottentomatoes.com/m/zatoichi_2003,Zatoichi (2003),,87,POSITIVE,88,POSITIVE,R
8652,Dream,,ok,https://www.rottentomatoes.com/m/dream_scenario,Dream Scenario,,91,POSITIVE,69,POSITIVE,R
8668,"So long, my heart!",,ok,https://www.rottentomatoes.com/m/my_heart_is_not_broken_yet,My Heart Is Not Broken Yet,,,,,,
8691,Cannibal Ferox,,ok,https://www.rottentomatoes.com/m/cannibal_ferox,Make Them Die Slowly,,40,NEGATIVE,44,NEGATIVE,
8692,Cannibal Apocalypse,,ok,https://www.rottentomatoes.com/m/cannibal_apocalypse,Savage Apocalypse,,50,NEGATIVE,41,NEGATIVE,R
8704,"How to Drown Dr. Mracek, the Lawyer",,ok,https://www.rottentomatoes.com/m/dr_strangelove,Dr. Strangelove Or: How I Learned to Stop Worrying and Love the Bomb,,98,POSITIVE,94,POSITIVE,PG
8705,Romance for Bugle,,ok,https://www.rottentomatoes.com/m/bullets_for_jesus,Bullets for Jesus,,,,,,
8739,Another Word and I'll Mary You!,,ok,https://www.rottentomatoes.com/m/ill_be_seeing_you_2004,I'll Be Seeing You (2004),,,,49,NEGATIVE,PG-13
8743,At Point Blank,,ok,https://www.rottentomatoes.com/m/1016479-point_blank,Point Blank,,93,POSITIVE,83,POSITIVE,
8771,Mind Ripper,,ok,https://www.rottentomatoes.com/m/wes_craven_presents_mind_ripper,Wes Craven Presents Mind Ripper,,,,11,NEGATIVE,R
8776,The Toth Family,,ok,https://www.rottentomatoes.com/m/norm_of_the_north_keys_to_the_kingdom,Norm of the North: Back to the City,,,,26,NEGATIVE,
8781,Tiny Town,,ok,https://www.rottentomatoes.com/m/terror_of_tiny_town,The Terror of Tiny Town,,,,33,NEGATIVE,
8809,Freiwild - Ein Würzburg-Krimi,,ok,https://www.rottentomatoes.com/m/handsome_a_netflix_mystery_movie,Handsome: A Netflix Mystery Movie,,,,32,NEGATIVE,
8810,Mad Max 2,,ok,https://www.rottentomatoes.com/m/mad_max_2_the_road_warrior,Mad Max 2: The Road Warrior,,93,POSITIVE,86,POSITIVE,R
8813,Macht,,ok,https://www.rottentomatoes.com/m/der_wille_zur_macht,Der Wille zur Macht,,,,,,
8821,Non-Stop Trouble with my Double,,ok,https://www.rottentomatoes.com/m/non-ce-due-senza-quattro-not-two-but-four-double-trouble,Double Trouble,,,,59,NEGATIVE,
8827,99 Francs,,ok,https://www.rottentomatoes.com/m/99_francs,99F,,,,74,POSITIVE,
8837,Hannah,,ok,https://www.rottentomatoes.com/m/hannah_berner_none_of_my_business,Hannah Berner: None of My Business,,,,,,
8853,Kalt ist der Abendhauch,,ok,https://www.rottentomatoes.com/m/cleaner,Cleaner,,17,NEGATIVE,40,NEGATIVE,R
8863,Someday My Prince Will Come,,ok,https://www.rottentomatoes.com/m/someday_my_dad_will_come,Someday My Dad Will Come,,,,,,
8868,Asterix vs. Caesar,,ok,https://www.rottentomatoes.com/m/asterix_et_la_surprise_de_cesar,Asterix and Caesar's Surprise,,,,66,POSITIVE,
8877,Life in a Flash,,ok,https://www.rottentomatoes.com/m/life_in_a_year,Life in a Year,,,,81,POSITIVE,PG-13
8882,Gomorrah,,ok,https://www.rottentomatoes.com/m/sodom_and_gomorrah_1963,Sodom and Gomorrah (1963),,50,NEGATIVE,38,NEGATIVE,
8888,A Year Ago in Winter,,ok,https://www.rottentomatoes.com/m/a-year-ago-in-winter,A Year in Winter,,,,87,POSITIVE,
8891,10 Sekunden,,ok,https://www.rottentomatoes.com/m/10-seconds,10 Seconds,,,,,,
8907,The Other Day in Eden,,ok,https://www.rottentomatoes.com/m/the_other_day,The Other Day,,,,,,
8920,Garfield,,ok,https://www.rottentomatoes.com/m/the_garfield_movie,The Garfield Movie,,36,NEGATIVE,79,POSITIVE,PG
8925,The Dead Girl's Feast,,ok,https://www.rottentomatoes.com/m/the_dead_girls_from_vienna,The Dead Girls From Vienna,,,,,,
8938,Tokyo!,,ok,https://www.rottentomatoes.com/m/fast_and_the_furious_tokyo_drift,The Fast and the Furious: Tokyo Drift,,37,NEGATIVE,69,POSITIVE,PG-13
8948,The Pearl Color,,ok,https://www.rottentomatoes.com/m/the_colours_of_desire,The Colours of Desire,,,,,,
8959,White Man with Black Bread,,ok,https://www.rottentomatoes.com/m/white_man_black_man_jew_man,White Man Black Man Jew Man,,,,,,
8964,Aan ons den arbeid,,ok,https://www.rottentomatoes.com/m/den_of_thieves,Den of Thieves,,42,NEGATIVE,64,POSITIVE,R
8972,"Neger, Neger, Schornsteinfeger",,ok,https://www.rottentomatoes.com/m/we_of_the_never_never,We of the Never Never,,,,62,POSITIVE,G
8977,The Society of the Spectacle,,ok,https://www.rottentomatoes.com/m/the_society_of_the_spectacle,La Societe du Spectacle,,,,82,POSITIVE,
8990,Das kleine Arschloch und der alte Sack - Sterben ist Scheiße,,ok,https://www.rottentomatoes.com/m/valley_girl,Valley Girl,,83,POSITIVE,71,POSITIVE,R
8997,Hollow Man II,,ok,https://www.rottentomatoes.com/m/hollow_man_2,Hollow Man 2,,17,NEGATIVE,16,NEGATIVE,R
9059,Tales from the Crypt: Demon Knight,,ok,https://www.rottentomatoes.com/m/tales_from_the_crypt_presents_demon_knight,Tales From the Crypt Presents Demon Knight,,45,NEGATIVE,65,POSITIVE,R
9069,The Different Faces of Sergei Eisenstein,,ok,https://www.rottentomatoes.com/m/las_caras_del_diablo,The Faces of Power,,,,,,
9074,The Man,,ok,https://www.rottentomatoes.com/m/blow_the_man_down,Blow the Man Down,,99,POSITIVE,74,POSITIVE,R
9076,Nur über meine Leiche,,ok,https://www.rottentomatoes.com/m/1190660-over_my_dead_body,Over Her Dead Body,,14,NEGATIVE,42,NEGATIVE,PG-13
9097,Baader,,ok,https://www.rottentomatoes.com/m/baader_meinhof_complex,The Baader Meinhof Complex,,85,POSITIVE,80,POSITIVE,R
9252,Otto – The New Movie,,ok,https://www.rottentomatoes.com/m/ghost_in_the_shell_the_new_movie,Ghost in the Shell: The New Movie,,,,67,POSITIVE,
9256,Kopps,,ok,https://www.rottentomatoes.com/m/kopps_the_movie,Kopps: The Movie,,,,,,
9258,Like Rabbits,,ok,https://www.rottentomatoes.com/m/rabbit_2017,Rabbit (2017),,85,POSITIVE,40,NEGATIVE,
9259,Bibi Blocksberg,,ok,https://www.rottentomatoes.com/m/bibi_blocksberg_das_grosse_hexentreffen,Bibi Blocksberg - Das große Hexentreffen,,,,,,
9265,Die dunkle Seite,,ok,https://www.rottentomatoes.com/m/moon,Moon,,90,POSITIVE,89,POSITIVE,R
9269,Männerpension,,ok,https://www.rottentomatoes.com/m/maennerpension_1996,Jailbirds (1996),,,,64,POSITIVE,
9274,"Feuer, Eis & Dosenbier",,ok,https://www.rottentomatoes.com/m/fire_ice_and_dynamite,"Fire, Ice and Dynamite",,,,26,NEGATIVE,PG
9288,Dungeons & Dragons: Wrath of the Dragon God,,ok,https://www.rottentomatoes.com/m/dungeons_and_dragons_wrath_of_the_dragon_god,Dungeons & Dragons 2: The Elemental Might,,,,29,NEGATIVE,
9295,Soloalbum,,ok,https://www.rottentomatoes.com/m/solo_album,Solo Album,,,,,,
9296,S1m0ne,,ok,https://www.rottentomatoes.com/m/simone_2002,Simone (2002),,50,NEGATIVE,36,NEGATIVE,PG-13
9314,Nineteen Eighty-Four,,ok,https://www.rottentomatoes.com/m/nineteen-eighty-one,1981,,,,72,POSITIVE,
9316,Ong-Bak,,ok,https://www.rottentomatoes.com/m/ongbak,Ong-Bak: The Thai Warrior,,85,POSITIVE,84,POSITIVE,R
9317,The Cabbage Soup,,ok,https://www.rottentomatoes.com/m/1042122-in_the_soup,In the Soup,,83,POSITIVE,76,POSITIVE,R
9321,The Polar Bear,,ok,https://www.rottentomatoes.com/m/great_polar_bear_adventure,The Polar Bear Club,,,,,,
9371,Tender Sharks,,ok,https://www.rottentomatoes.com/m/end_of_the_line_2022,End of the Line (2022),,,,,,
9375,Crazy,,ok,https://www.rottentomatoes.com/m/crazy_stupid_love_2011,"Crazy, Stupid, Love. (2011)",,79,POSITIVE,78,POSITIVE,PG-13
9378,Thir13en Ghosts,,ok,https://www.rottentomatoes.com/m/thirteen_ghosts,Thirteen Ghosts,,19,NEGATIVE,49,NEGATIVE,R
9379,Otto – The Alien from East Frisia,,ok,https://www.rottentomatoes.com/m/missile_from_the_east,Missile From the East,,,,,,
9385,The Twelve Tasks of Asterix,,ok,https://www.rottentomatoes.com/m/twelve_tasks_of_asterix,Asterix and the Twelve Tasks,,,,87,POSITIVE,
9402,Die drei Mädels von der Tankstelle,,ok,https://www.rottentomatoes.com/m/the_three_from_the_filling_station,The Three From the Filling Station,,,,,,
9404,Police Story 4: First Strike,,ok,https://www.rottentomatoes.com/m/jackie_chans_first_strike,Jackie Chan's First Strike,,52,NEGATIVE,56,NEGATIVE,PG-13
9419,Kai Rabe gegen die Vatikankiller,,ok,https://www.rottentomatoes.com/m/kai_rabe_vs_the_vatican_killers,Kai Rabe vs. the Vatican Killers,,,,,,
9420,Love Your Female Neighbor!,,ok,https://www.rottentomatoes.com/m/liebe_deine_nachste_1999,Love Your Neighbor! (1999),,,,,,
9430,Go,,ok,https://www.rottentomatoes.com/m/good_luck_have_fun_dont_die,"Good Luck, Have Fun, Don't Die",,82,POSITIVE,84,POSITIVE,R
9431,Bordello of Blood,,ok,https://www.rottentomatoes.com/m/tales_from_the_crypt_presents_bordello_of_blood,Tales From the Crypt Presents Bordello of Blood,,14,NEGATIVE,31,NEGATIVE,R
9432,Der Campus,,ok,https://www.rottentomatoes.com/m/the_cheerleader_murders,The Cheerleader Murders,,,,64,POSITIVE,TV-14
9454,EverAfter,,ok,https://www.rottentomatoes.com/m/ever_after_a_cinderella_story,Ever After: A Cinderella Story,,91,POSITIVE,84,POSITIVE,PG-13
9468,Margarete Steiff,,ok,https://www.rottentomatoes.com/m/a_heavenly_gamble,A Heavenly Gamble,,,,,,
9479,The Nightmare Before Christmas,,ok,https://www.rottentomatoes.com/m/the_nightmare_before_christmas,Tim Burton's The Nightmare Before Christmas,,95,POSITIVE,91,POSITIVE,PG
9497,Kleines Arschloch - Der Film,,ok,https://www.rottentomatoes.com/m/isabel_der_film,Isabel - der Film,,,,,,
9510,1½ Ritter - Auf der Suche nach der hinreißenden Herzelinde,,ok,https://www.rottentomatoes.com/m/1_12_ritter_auf_der_suche_nach_der_hinreissenden_herzelinde,1 1/2 Knights: In Search of the Ravishing Princess Herzelinde,,,,29,NEGATIVE,
9527,Ballermann 6,,ok,https://www.rottentomatoes.com/m/scream_vi,Scream VI,,77,POSITIVE,90,POSITIVE,R
9534,The Ferpect Crime,,ok,https://www.rottentomatoes.com/m/the_perfect_crime_2005,Ferpect Crime,,85,POSITIVE,84,POSITIVE,
9553,Lenin kam nur bis Lüdenscheid - Meine kleine deutsche Revolution,,ok,https://www.rottentomatoes.com/m/picking_up_the_pieces,Picking Up the Pieces,,,,31,NEGATIVE,R
9564,Asterix and Obelix Take On Caesar,,ok,https://www.rottentomatoes.com/m/asterix-et-obelix-contre-cesar-asterix-and-obelix-vs-caesar,Asterix & Obelix vs. Caesar,,,,42,NEGATIVE,
9565,No More School,,ok,https://www.rottentomatoes.com/m/no_more_monkeys_jumpin_on_the_bed,No More Monkeys Jumpin' on the Bed,,,,,,
9572,Ants in the Pants 2,,ok,https://www.rottentomatoes.com/m/sisterhood_of_the_traveling_pants_2,The Sisterhood of the Traveling Pants 2,,66,POSITIVE,65,POSITIVE,PG-13
9596,"Daniel, the Wizard",,ok,https://www.rottentomatoes.com/m/the_wizard_of_the_kremlin,The Wizard of the Kremlin,,43,NEGATIVE,56,NEGATIVE,R
9601,Erkan & Stefan,,ok,https://www.rottentomatoes.com/m/erkan_and_stefan_vs_the_powers_of_darkness,Erkan and Stefan vs. the Powers of Darkness,,,,,,
9613,Spider,,ok,https://www.rottentomatoes.com/m/spider_man_brand_new_day,Spider-Man: Brand New Day,,,,,,PG-13
9617,Little Sharks,,ok,https://www.rottentomatoes.com/m/sharks_and_the_little_fish,Sharks and the Little Fish,,,,,,
9629,Thunder at the Border,,ok,https://www.rottentomatoes.com/m/winnetou_and_old_firehand,Winnetou and Old Firehand,,,,,,
9632,The College Girl Murders,,ok,https://www.rottentomatoes.com/m/college-girl-murders,The College-Girl Murders,,,,36,NEGATIVE,
9633,Dead Eyes of London,,ok,https://www.rottentomatoes.com/m/dead_eyes_of_london,The Dead Eyes of London,,,,71,POSITIVE,
9643,Rossini,,ok,https://www.rottentomatoes.com/m/gioachino_rossini_mose,Gioachino Rossini: Mosè,,,,,,
9646,Here Is Your Life,,ok,https://www.rottentomatoes.com/m/here-is-your-life,Here's Your Life,,,,80,POSITIVE,
9653,Mädchen in Uniform,,ok,https://www.rottentomatoes.com/m/madchen-in-uniform-girls-in-uniform-maidens-in-uniform,Maedchen in Uniform,,100,POSITIVE,86,POSITIVE,
9657,Otto - The Movie,,ok,https://www.rottentomatoes.com/m/prebz_and_dennis_the_movie,Prebz & Dennis: The Movie,,,,,,
9669,Ring 2,,ok,https://www.rottentomatoes.com/m/ring_two,The Ring Two,,21,NEGATIVE,33,NEGATIVE,PG-13
9673,Voll Normaaal,,ok,https://www.rottentomatoes.com/m/identity_thief,Identity Thief,,20,NEGATIVE,53,NEGATIVE,R
9674,Ring 0,,ok,https://www.rottentomatoes.com/m/ringu_0,Ring 0: Birthday,,,,62,POSITIVE,
9677,Forklift Driver Klaus: The First Day on the Job,,ok,https://www.rottentomatoes.com/m/on_the_job,On the Job,,94,POSITIVE,88,POSITIVE,
9702,Bound by Honor,,ok,https://www.rottentomatoes.com/m/logans_war_bound_by_honor,Logan's War: Bound by Honor,,,,45,NEGATIVE,PG-13
9728,Friday the 13th Part III,,ok,https://www.rottentomatoes.com/m/friday_the_13th_part_3,Friday the 13th Part 3,,17,NEGATIVE,42,NEGATIVE,R
9731,Friday the 13th: A New Beginning,,ok,https://www.rottentomatoes.com/m/friday_the_13th_part_v_a_new_beginning,Friday the 13th Part V: A New Beginning,,15,NEGATIVE,26,NEGATIVE,R
9742,Werner and the Wizard of Booze,,ok,https://www.rottentomatoes.com/m/tom_and_jerry_and_the_wizard_of_oz,Tom and Jerry & the Wizard of Oz,,,,65,POSITIVE,
9751,Dance for All,,ok,https://www.rottentomatoes.com/m/dance_for_camera,Dance For Camera,,,,83,POSITIVE,
9753,Three,,ok,https://www.rottentomatoes.com/m/toy_story_3,Toy Story 3,,98,POSITIVE,90,POSITIVE,G
9763,Goal!,,ok,https://www.rottentomatoes.com/m/next_goal_wins_2023,Next Goal Wins (2023),,46,NEGATIVE,85,POSITIVE,PG-13
9768,Cry-Baby,,ok,https://www.rottentomatoes.com/m/cry-baby,Cry Baby,,72,POSITIVE,77,POSITIVE,PG-13
9797,"Ivan the Terrible, Part I",,ok,https://www.rottentomatoes.com/m/ivan_the_terrible_part_i,"Ivan the Terrible, Part One",,100,POSITIVE,91,POSITIVE,
9803,7 Zwerge - Männer allein im Wald,,ok,https://www.rottentomatoes.com/m/7-dwarfs,Seven Dwarfs,,,,48,NEGATIVE,
9805,(T)Raumschiff Surprise - Periode 1,,ok,https://www.rottentomatoes.com/m/dreamship_surprise_period_1,Dreamship Surprise: Period 1,,,,62,POSITIVE,
9815,Goal II: Living the Dream,,ok,https://www.rottentomatoes.com/m/goal_2_living_the_dream,Goal! 2: Living the Dream,,39,NEGATIVE,62,POSITIVE,PG-13
9868,Franz + Polina,,ok,https://www.rottentomatoes.com/m/franz_and_polina,Franz and Polina,,,,,,
9875,Royal Children,,ok,https://www.rottentomatoes.com/m/children_of_men,Children of Men,,92,POSITIVE,85,POSITIVE,R
9883,Otto - The Disaster Movie,,ok,https://www.rottentomatoes.com/m/bean,Bean,,41,NEGATIVE,53,NEGATIVE,PG-13
9897,Otto - The Romance Film,,ok,https://www.rottentomatoes.com/m/toto_peppino_and_the_hussy,"Toto, Peppino, and the Hussy",,,,,,
9907,Barnyard,,ok,https://www.rottentomatoes.com/m/barnyard,Barnyard: The Original Party Animals,,22,NEGATIVE,53,NEGATIVE,PG
9939,The Chatroom,,ok,https://www.rottentomatoes.com/m/the_death_of_robin_hood,The Death of Robin Hood,,66,POSITIVE,56,NEGATIVE,R
9943,Love Scenes from Planet Earth,,ok,https://www.rottentomatoes.com/m/escape_from_planet_earth_2013,Escape From Planet Earth (2013),,35,NEGATIVE,54,NEGATIVE,PG
9965,"Wake Up, Ron Burgundy: The Lost Movie",,ok,https://www.rottentomatoes.com/m/wake_up_ron_burgundy,"Anchorman: Wake Up, Ron Burgundy -- The Lost Movie",,,,56,NEGATIVE,
9978,Stormbreaker,,ok,https://www.rottentomatoes.com/m/alex_rider_operation_stormbreaker,Alex Rider: Operation Stormbreaker,,35,NEGATIVE,53,NEGATIVE,PG
9985,Herr Ober!,,ok,https://www.rottentomatoes.com/m/beloved-infidel,Beloved Infidel,,,,52,NEGATIVE,
10000,The Strategy of the Snail,,ok,https://www.rottentomatoes.com/m/la_estrategia_del_caracol,The Snail's Strategy,,,,94,POSITIVE,
10004,Desperation,,ok,https://www.rottentomatoes.com/m/desperation_road,Desperation Road,,69,POSITIVE,71,POSITIVE,R
10014,A Nightmare on Elm Street Part 2: Freddy's Revenge,,ok,https://www.rottentomatoes.com/m/a_nightmare_on_elm_street_2_freddys_revenge,A Nightmare on Elm Street 2: Freddy's Revenge,,47,NEGATIVE,33,NEGATIVE,R
10016,Ghosts of Mars,,ok,https://www.rottentomatoes.com/m/john_carpenters_ghosts_of_mars,John Carpenter's Ghosts of Mars,,23,NEGATIVE,25,NEGATIVE,R
10032,Van Wilder 2: The Rise of Taj,,ok,https://www.rottentomatoes.com/m/van_wilder_2,National Lampoon's Van Wilder: The Rise of Taj,,7,NEGATIVE,38,NEGATIVE,R
10042,Within,,ok,https://www.rottentomatoes.com/m/an_enemy_within,An Enemy Within,,,,,,
10051,Avenue Montaigne,,ok,https://www.rottentomatoes.com/m/avenue_montaigne,Orchestra Seats,,74,POSITIVE,69,POSITIVE,PG-13
10061,Escape from L.A.,,ok,https://www.rottentomatoes.com/m/escape_from_la,John Carpenter's Escape From L.A.,,56,NEGATIVE,39,NEGATIVE,R
10089,Charles Band's Evil Bong,,ok,https://www.rottentomatoes.com/m/evil_bong,Evil Bong,,,,40,NEGATIVE,
10092,Cry_Wolf,,ok,https://www.rottentomatoes.com/m/never_cry_wolf,Never Cry Wolf,,100,POSITIVE,84,POSITIVE,PG
10100,Shark Attack in the Mediterranean,,ok,https://www.rottentomatoes.com/m/shark-attack-in-the-mediterranean2004,Megalodon: Killer From the Deep (2004),,,,29,NEGATIVE,
10104,Dorm Daze 2,,ok,https://www.rottentomatoes.com/m/national_lampoons_dorm_daze_2_college_sea,National Lampoon's Dorm Daze 2,,,,29,NEGATIVE,R
10116,Shinobi: Heart Under Blade,,ok,https://www.rottentomatoes.com/m/shinobi,Shinobi,,,,76,POSITIVE,R
10119,The Color of Milk,,ok,https://www.rottentomatoes.com/m/ikke-naken,Ikke naken (The Color of Milk)(The Colour of Milk),,,,82,POSITIVE,
10127,Critters 2,,ok,https://www.rottentomatoes.com/m/critters_2_the_main_course,Critters 2: The Main Course,,36,NEGATIVE,37,NEGATIVE,PG-13
10129,Autumn Milk,,ok,https://www.rottentomatoes.com/m/autumn_leaves,Autumn Leaves,,91,POSITIVE,67,POSITIVE,
10160,A Nightmare on Elm Street: The Dream Child,,ok,https://www.rottentomatoes.com/m/a_nightmare_on_elm_street_5_the_dream_child,A Nightmare on Elm Street 5: The Dream Child,,32,NEGATIVE,31,NEGATIVE,R
10161,My Left Foot: The Story of Christy Brown,,ok,https://www.rottentomatoes.com/m/my_left_foot,My Left Foot,,98,POSITIVE,92,POSITIVE,R
10162,Waking Ned,,ok,https://www.rottentomatoes.com/m/waking_ned_devine,Waking Ned Devine,,83,POSITIVE,88,POSITIVE,PG
10205,Cut,,ok,https://www.rottentomatoes.com/m/one_cut_of_the_dead,One Cut of the Dead,,100,POSITIVE,83,POSITIVE,
10225,Jason Lives - Friday the 13th Part VI,,ok,https://www.rottentomatoes.com/m/friday_the_13th_part_vi_jason_lives,Friday the 13th Part VI: Jason Lives,,59,NEGATIVE,54,NEGATIVE,R
10239,A Tale of Autumn,,ok,https://www.rottentomatoes.com/m/a_tale_of_two_sisters,A Tale of Two Sisters,,86,POSITIVE,83,POSITIVE,R
10241,A Tale of Winter,,ok,https://www.rottentomatoes.com/m/conte_dhiver_1992,A Winter's Tale (1992),,95,POSITIVE,80,POSITIVE,
10258,The Madagascar Penguins in a Christmas Caper,,ok,https://www.rottentomatoes.com/m/the_cat_in_the_hat_knows_a_lot_about_christmas,The Cat in the Hat Knows a Lot About Christmas!,,,,36,NEGATIVE,
10267,Dazlak – Skinhead,,ok,https://www.rottentomatoes.com/m/the_preacher_and_the_skinhead,The Preacher and the Skinhead,,,,,,
10272,Jekyll + Hyde,,ok,https://www.rottentomatoes.com/m/jekyll-hyde1990,Jekyll & Hyde (1990),,,,53,NEGATIVE,
10275,Shaolin Temple,,ok,https://www.rottentomatoes.com/m/the_shaolin_temple,The Shaolin Temple,,,,90,POSITIVE,
10280,Thinner,,ok,https://www.rottentomatoes.com/m/thinner,Stephen King's Thinner,,19,NEGATIVE,31,NEGATIVE,R
10301,Una notte,,ok,https://www.rottentomatoes.com/m/una_notte_da_dottore,Una notte da dottore,,,,,,
10338,Those Magnificent Men in Their Flying Machines or How I Flew from London to Paris in 25 Hours 11 Minutes,,ok,https://www.rottentomatoes.com/m/those_magnificent_men_in_their_flying_machines,Those Magnificent Men in Their Flying Machines,,78,POSITIVE,74,POSITIVE,G
10353,The Visitors II: The Corridors of Time,,ok,https://www.rottentomatoes.com/m/les-couloirs-du-temps-les-visiteurs-2,The Corridors of Time: The Visitors II,,,,48,NEGATIVE,
10361,Ginger Snaps 2: Unleashed,,ok,https://www.rottentomatoes.com/m/ginger_snaps_ii_unleashed,Ginger Snaps II: Unleashed,,88,POSITIVE,66,POSITIVE,R
10369,14 Days to Life,,ok,https://www.rottentomatoes.com/m/100_days_to_live,100 Days to Live,,100,POSITIVE,90,POSITIVE,
10374,Irren ist männlich,,ok,https://www.rottentomatoes.com/m/for_a_few_dollars_less,For a Few Dollars Less,,,,,,
10375,D-Tox,,ok,https://www.rottentomatoes.com/m/d_tox,Eye See You,,18,NEGATIVE,28,NEGATIVE,R
10392,Käpt’n Blaubär – Der Film,,ok,https://www.rottentomatoes.com/m/isabel_der_film,Isabel - der Film,,,,,,
10408,Flodder Does Manhattan!,,ok,https://www.rottentomatoes.com/m/flodder_2,Flodder 2,,,,,,
10418,The Young Schiller,,ok,https://www.rottentomatoes.com/m/the-houseboy2007,The Houseboy (2007),,,,20,NEGATIVE,
10425,The Death and Life of Bobby Z,,ok,https://www.rottentomatoes.com/m/the_death_and_life_of_bobby_z,Bobby Z,,,,42,NEGATIVE,R
10431,War,,ok,https://www.rottentomatoes.com/m/tom_clancys_jack_ryan_ghost_war,Tom Clancy's Jack Ryan: Ghost War,,41,NEGATIVE,35,NEGATIVE,R
10463,Eastern Cross,,ok,https://www.rottentomatoes.com/m/vacuums,Vacuums,,,,,,
10470,Werner - Gekotzt wird später!,,ok,https://www.rottentomatoes.com/m/10005403-the_baxter,The Baxter,,32,NEGATIVE,75,POSITIVE,PG-13
10484,The ComDads,,ok,https://www.rottentomatoes.com/m/les_comperes_1983,Les compères (1983),,,,,,PG
10487,"Go for It, Baby",,ok,https://www.rottentomatoes.com/m/rita_moreno_just_a_girl_who_decided_to_go_for_it,Rita Moreno: Just a Girl Who Decided to Go For It,,96,POSITIVE,93,POSITIVE,PG-13
10499,The Legend of Rita,,ok,https://www.rottentomatoes.com/m/legend_of_rita,The Legends of Rita,,80,POSITIVE,75,POSITIVE,
10506,Maria Bethânia: Música é Perfume,,ok,https://www.rottentomatoes.com/m/the_super_mario_bros_movie,The Super Mario Bros. Movie,,59,NEGATIVE,95,POSITIVE,PG
10507,"Sweep it Up, Again",,ok,https://www.rottentomatoes.com/m/set_it_up,Set It Up,,92,POSITIVE,69,POSITIVE,TV-14
10520,Itty Bitty Titty Committee,,ok,https://www.rottentomatoes.com/m/1187621-itty_bitty_titty_committee,Itty Bitty T...y Committee,,38,NEGATIVE,56,NEGATIVE,
10523,W.,,ok,https://www.rottentomatoes.com/m/deep_water_2026,Deep Water (2026),,68,POSITIVE,71,POSITIVE,R
10526,Cancer Vixen: A True Story,,ok,https://www.rottentomatoes.com/m/gran_turismo_based_on_a_true_story,Gran Turismo: Based on a True Story,,65,POSITIVE,98,POSITIVE,PG-13
10532,Abbuzze! Der Badesalz-Film,,ok,https://www.rottentomatoes.com/m/isabel_der_film,Isabel - der Film,,,,,,
10565,Kanak Attack,,ok,https://www.rottentomatoes.com/m/star_wars_episode_ii_attack_of_the_clones,Star Wars: Episode II - Attack of the Clones,,62,POSITIVE,56,NEGATIVE,PG
10566,Forget America,,ok,https://www.rottentomatoes.com/m/vergiss-amerika-forget-america,Vergiss Amerika (Forget America),,,,,,
10570,Flodder,,ok,https://www.rottentomatoes.com/m/flodder_3,Flodder 3,,,,,,
10575,Heaven,,ok,https://www.rottentomatoes.com/m/kingdom_of_heaven,Kingdom of Heaven,,39,NEGATIVE,72,POSITIVE,R
10577,Dracula 2000,,ok,https://www.rottentomatoes.com/m/dracula_2000,Wes Craven Presents: Dracula 2000 (2000),,19,NEGATIVE,39,NEGATIVE,R
10580,Lemon Popsicle,,ok,https://www.rottentomatoes.com/m/eskimo_limon_1978,Lemon Popsicle 4,,,,55,NEGATIVE,R
10583,Private Popsicle,,ok,https://www.rottentomatoes.com/m/eskimo_limon_1978,Lemon Popsicle 4,,,,55,NEGATIVE,R
10598,Dirty,,ok,https://www.rottentomatoes.com/m/play_dirty_2025_2,Play Dirty (2025),,43,NEGATIVE,42,NEGATIVE,R
10600,Die Musterknaben 2,,ok,https://www.rottentomatoes.com/m/60_seconds_to_die_2,60 Seconds to Die 2,,,,,,
10605,Vampires: Los Muertos,,ok,https://www.rottentomatoes.com/m/vampires_los_muertos,John Carpenter's Vampires: Los Muertos,,20,NEGATIVE,38,NEGATIVE,R
10620,Once Upon a Time in China and America,,ok,https://www.rottentomatoes.com/m/once_upon_a_time_in_china_and_america,Once Upon a Time in China VI,,,,18,NEGATIVE,
10626,The Captain from Kopenick,,ok,https://www.rottentomatoes.com/m/the_captain_from_kopenick_1956,The Captain From Köpenick (1956),,,,87,POSITIVE,
10643,Godzilla 2000: Millennium,,ok,https://www.rottentomatoes.com/m/godzilla_2000,Godzilla 2000 (2000),,57,NEGATIVE,54,NEGATIVE,PG
10664,[REC]²,,ok,https://www.rottentomatoes.com/m/rec_2,Rec 2,,67,POSITIVE,60,POSITIVE,R
10667,Jesus Christ Saviour,,ok,https://www.rottentomatoes.com/m/jesus_christus_erloser,Jesus Christus Erlöser,,,,,,
10681,WALL·E,,ok,https://www.rottentomatoes.com/m/wall_e,WALL-E,,95,POSITIVE,90,POSITIVE,G
10698,Never Mind the Wall,,ok,https://www.rottentomatoes.com/m/the_haunting_of_harry_payne,Evil Never Dies,,,,,,
10716,"Die Klasse von '99 - Schule war gestern, Leben ist jetzt",,ok,https://www.rottentomatoes.com/m/class_of_1984,Class of 1984,,67,POSITIVE,66,POSITIVE,R
10726,American Psycho II: All American Girl,,ok,https://www.rottentomatoes.com/m/american_psycho_2,American Psycho 2	,,23,NEGATIVE,18,NEGATIVE,R
10732,D'Artagnan's Daughter,,ok,https://www.rottentomatoes.com/m/revenge_of_the_musketeers,Revenge of the Musketeers,,,,41,NEGATIVE,R
10746,Theo Against the Rest of the World,,ok,https://www.rottentomatoes.com/m/let_the_rest_of_the_world_go_by,Let the Rest of the World Go By,,,,,,
10751,Old Men in New Cars: In China They Eat Dogs II,,ok,https://www.rottentomatoes.com/m/old_men_in_new_cars_2003,Old Men in New Cars,,,,83,POSITIVE,
10752,Vote for Henryk!,,ok,https://www.rottentomatoes.com/m/please_vote_for_me,Please Vote for Me,,,,91,POSITIVE,
10753,Police Story 2,,ok,https://www.rottentomatoes.com/m/police_story_2,Jackie Chan's Police Story 2,,84,POSITIVE,77,POSITIVE,PG-13
10755,The Wild Soccer Bunch,,ok,https://www.rottentomatoes.com/m/the_wild_soccer_bunch_2011,The Wild Soccer Bunch 2,,,,40,NEGATIVE,
10793,Football As Never Before,,ok,https://www.rottentomatoes.com/m/fussball_wie_noch_nie_2011,Soccer as Never Before,,,,,,
10807,Kein Pardon,,ok,https://www.rottentomatoes.com/m/pardon_us_for_living_but_the_graveyard_is_full,Pardon Us for Living But the Graveyard Is Full,,,,,,
10812,Silly's Sweet Summer,,ok,https://www.rottentomatoes.com/m/sweet_summer_pow_wow,Sweet Summer Pow Wow,,,,,,
10816,"Meine Mutter, mein Bruder und ich!",,ok,https://www.rottentomatoes.com/m/mein_erster_freund_mutter_und_ich,"Mein erster Freund, Mutter und ich",,,,,,
10820,Ekkelins Knecht,,ok,https://www.rottentomatoes.com/m/hitlers_witch,Hitler's Witch,,,,,,
10827,Karo und der liebe Gott,,ok,https://www.rottentomatoes.com/m/workers_for_the_good_lord_2000,Workers for the Good Lord (2000),,,,,,
10856,Intacto,,ok,https://www.rottentomatoes.com/m/intacto,Intact,,73,POSITIVE,82,POSITIVE,R
10864,Charlie & Louise - Das doppelte Lottchen,,ok,https://www.rottentomatoes.com/m/charlie_and_louise_das_doppelte_lottchen,Charlie and Louise,,,,,,
10887,Ich. Immendorff,,ok,https://www.rottentomatoes.com/m/ich_will_alles_hildegard_knef,Ich will alles! Hildegard Knef,,,,,,
10899,Superstau,,ok,https://www.rottentomatoes.com/m/secret_superstar,Secret Superstar,,92,POSITIVE,87,POSITIVE,
10902,Auge in Auge - Eine deutsche Filmgeschichte,,ok,https://www.rottentomatoes.com/m/time_trap,Time Trap,,67,POSITIVE,62,POSITIVE,
10906,Pet Sematary II,,ok,https://www.rottentomatoes.com/m/pet_sematary_ii,Pet Sematary Two,,20,NEGATIVE,31,NEGATIVE,R
10921,Babylon 5: The River of Souls,,ok,https://www.rottentomatoes.com/m/babylon-5-the-river-of-souls,Babylon 5: River of Souls,,,,57,NEGATIVE,TV-PG
10926,Samba in Mettmann,,ok,https://www.rottentomatoes.com/m/in_the_grey,In the Grey,,49,NEGATIVE,83,POSITIVE,R
10931,Deadly Maria,,ok,https://www.rottentomatoes.com/m/the_super_mario_bros_movie,The Super Mario Bros. Movie,,59,NEGATIVE,95,POSITIVE,PG
10932,Der letzte Lude,,ok,https://www.rottentomatoes.com/m/the-last-gangster,The Last Gangster,,,,60,POSITIVE,
10941,Babylon 5: Thirdspace,,ok,https://www.rottentomatoes.com/m/thirdspace,Thirdspace,,,,71,POSITIVE,TV-PG
10942,Babylon 5: The Gathering,,ok,https://www.rottentomatoes.com/m/babylon-5-the-gathering,Babylon 5,,,,71,POSITIVE,
10946,Earth,,ok,https://www.rottentomatoes.com/m/earth_wind_and_fire_to_be_celestial_vs_thats_the_weight_of_the_world,"Earth, Wind & Fire (To Be Celestial vs. That's the Weight of the World)",,100,POSITIVE,,,
10954,Farinelli,,ok,https://www.rottentomatoes.com/m/farinelli,Farinelli: Il Castrato,,60,POSITIVE,82,POSITIVE,R
10959,Das Wunder von Bern - Die wahre Geschichte,,ok,https://www.rottentomatoes.com/m/the_miracle_of_bern,The Miracle of Bern,,,,82,POSITIVE,
10974,Armour of God,,ok,https://www.rottentomatoes.com/m/operation_condor,The Armour of God,,71,POSITIVE,67,POSITIVE,R
10976,Alle Alle,,ok,https://www.rottentomatoes.com/m/musketeer,The Musketeer,,11,NEGATIVE,33,NEGATIVE,PG-13
10977,Zur Hölle mit den Paukern,,ok,https://www.rottentomatoes.com/m/cold_dog_soup,Cold Dog Soup,,,,82,POSITIVE,
10978,The Best Man's Wedding,,ok,https://www.rottentomatoes.com/m/jalla_jalla,Jalla! Jalla!,,56,NEGATIVE,75,POSITIVE,
10980,Scratch: The New Sound of Terror,,ok,https://www.rottentomatoes.com/m/scratch_the_new_sound_of_terror,Rats 2: They're Back With a Vengeance,,,,,,
10981,Nothing,,ok,https://www.rottentomatoes.com/m/stiller_and_meara_nothing_is_lost,Stiller & Meara: Nothing Is Lost,,93,POSITIVE,78,POSITIVE,
11011,Ri¢hie Ri¢h,,ok,https://www.rottentomatoes.com/m/richie_rich,Richie Rich,,27,NEGATIVE,32,NEGATIVE,PG
11032,Dei Mudder sei Gesicht,,ok,https://www.rottentomatoes.com/m/la_liceale_nella_classe_dei_ripetenti,La liceale nella classe dei ripetenti,,,,,,
11043,Zum Teufel mit der Penne,,ok,https://www.rottentomatoes.com/m/down_with_love,Down With Love,,60,POSITIVE,62,POSITIVE,PG-13
11048,The Knock Out Cop,,ok,https://www.rottentomatoes.com/m/flatfoot,Flatfoot,,,,54,NEGATIVE,PG
11049,Interstella 5555: The 5tory of the 5ecret 5tar 5ystem,,ok,https://www.rottentomatoes.com/m/daft_punk_and_leiji_matsumotos_interstella_5555_the_5tory_of_the_5ecret_5tar_5ystem,Daft Punk & Leiji Matsumoto's Interstella 5555: The 5tory of the 5ecret 5tar 5ystem,,80,POSITIVE,95,POSITIVE,
11052,Yu-Gi-Oh! The Movie,,ok,https://www.rottentomatoes.com/m/yu_gi_oh_the_movie_super_fusion_bonds_that_transcend_time,Yu-Gi-Oh! The Movie: Super Fusion! Bonds That Transcend Time,,,,67,POSITIVE,
11063,Advertising Rules!,,ok,https://www.rottentomatoes.com/m/viktor_vogel_commercial_man,Viktor Vogel: Commercial Man,,,,74,POSITIVE,R
11065,O,,ok,https://www.rottentomatoes.com/m/obsession_2025,Obsession (2025),,94,POSITIVE,94,POSITIVE,R
11070,Moonlight Tariff,,ok,https://www.rottentomatoes.com/m/moonlight_2016,Moonlight (2016),,98,POSITIVE,79,POSITIVE,R
11073,Pura Vida Ibiza,,ok,https://www.rottentomatoes.com/m/taming_wild_pura_vida,Taming Wild: Pura Vida,,,,,,
11089,Black Box BRD,,ok,https://www.rottentomatoes.com/m/black_box_brd,Black Box Germany,,,,,,
11094,"Pepe, der Paukerschreck",,ok,https://www.rottentomatoes.com/m/el_pepe_a_supreme_life_2014,El Pepe: A Supreme Life,,,,,,
11095,I Often Think of Piroschka,,ok,https://www.rottentomatoes.com/m/when_i_think_of_christmas,When I Think of Christmas,,,,22,NEGATIVE,TV-G
11097,Ich will da sein - Jenny Gröllmann,,ok,https://www.rottentomatoes.com/m/ya_budu_ryadom,I'll Be Around,,,,,,
11098,Jump,,ok,https://www.rottentomatoes.com/m/21_jump_street_2011,21 Jump Street,,85,POSITIVE,83,POSITIVE,R
11100,The Soldier's Star,,ok,https://www.rottentomatoes.com/m/the_600_the_soldiers_story_2020,The 600: The Soldiers' Story,,,,,,
11105,Lucie et Maintenant,,ok,https://www.rottentomatoes.com/m/et_maintenant_nous_sommes_en_vie,Et Maintenant Nous Sommes En Vie,,,,,,
11106,Die Musterknaben,,ok,https://www.rottentomatoes.com/m/good_luck_have_fun_dont_die,"Good Luck, Have Fun, Don't Die",,82,POSITIVE,84,POSITIVE,R
11111,King Lines,,ok,https://www.rottentomatoes.com/m/king_kong_lives,King Kong Lives,,8,NEGATIVE,17,NEGATIVE,PG-13
11115,Deal,,ok,https://www.rottentomatoes.com/m/female_war_a_nasty_deal,Female War: A Nasty Deal,,,,83,POSITIVE,
11116,Morgen fällt die Schule aus,,ok,https://www.rottentomatoes.com/m/a_nightingale_falling,A Nightingale Falling,,,,27,NEGATIVE,
11117,Betragen ungenügend!,,ok,https://www.rottentomatoes.com/m/beguiled,The Beguiled,,90,POSITIVE,72,POSITIVE,R
11119,Fortress 2,,ok,https://www.rottentomatoes.com/m/fortress_2_re_entry,Fortress 2: Re-Entry,,0,NEGATIVE,21,NEGATIVE,R
11122,India,,ok,https://www.rottentomatoes.com/m/chak_de_india,Chak De India,,89,POSITIVE,92,POSITIVE,
11124,The Puzzle,,ok,https://www.rottentomatoes.com/m/the_atlantis_puzzle,The Atlantis Puzzle,,,,,,
11125,La Sceneggiatura,,ok,https://www.rottentomatoes.com/m/la_confidential,L.A. Confidential,,99,POSITIVE,94,POSITIVE,R
11126,Amore Estremo,,ok,https://www.rottentomatoes.com/m/gigli,Gigli,,6,NEGATIVE,14,NEGATIVE,R
11133,Poltergeist II: The Other Side,,ok,https://www.rottentomatoes.com/m/poltergeist_ii_the_other_side,Poltergeist II,,20,NEGATIVE,35,NEGATIVE,PG-13
11134,Police Story 3: Super Cop,,ok,https://www.rottentomatoes.com/m/supercop,Supercop,,93,POSITIVE,75,POSITIVE,R
11142,Der Clown,,ok,https://www.rottentomatoes.com/m/the_boy_the_dog_and_the_clown,"The Boy, the Dog and the Clown",,,,,,
11143,Tai-Chi Master,,ok,https://www.rottentomatoes.com/m/twin_warriors,The Tai Chi Master,,83,POSITIVE,84,POSITIVE,R
11144,They Called Him Bulldozer,,ok,https://www.rottentomatoes.com/m/uppercut_1978,Uppercut (1978),,,,,,
11147,Peaceful Times,,ok,https://www.rottentomatoes.com/m/friedliche-zeiten,Friedliche Zeiten (Peaceful Times),,,,,,
11149,La Paloma. Sehnsucht. Weltweit,,ok,https://www.rottentomatoes.com/m/la_paloma_de_marsella,La paloma de Marsella,,,,,,
11155,Christmas Vacation 2: Cousin Eddie's Island Adventure,,ok,https://www.rottentomatoes.com/m/christmas-vacation-2-cousin-eddies-island-adventure,National Lampoon's Christmas Vacation 2: Cousin Eddie's Island Adventure,,,,13,NEGATIVE,TV-PG
11160,Flatfoot in Egypt,,ok,https://www.rottentomatoes.com/m/aliens_in_egypt_the_anunnaki_and_the_return_of_nibiru,Aliens in Egypt: The Anunnaki and the Return of Nibiru,,,,,,
11168,Go Trabi Go 2: Those Were the Days of the Wild East,,ok,https://www.rottentomatoes.com/m/those_were_the_days,Those Were the Days,,,,,,
11181,Nonstop Trouble with the Family,,ok,https://www.rottentomatoes.com/m/trouble_with_the_curve,Trouble With the Curve,,51,NEGATIVE,66,POSITIVE,PG-13
11182,In letzter Sekunde,,ok,https://www.rottentomatoes.com/m/eye_in_the_sky,Eye in the Sky,,95,POSITIVE,82,POSITIVE,R
11188,Ring of the Nibelungs,,ok,https://www.rottentomatoes.com/m/the_sword_of_xanten,The Sword of Xanten,,,,,,PG-13
11193,True,,ok,https://www.rottentomatoes.com/m/true_romance,True Romance,,93,POSITIVE,93,POSITIVE,R
11197,Evil,,ok,https://www.rottentomatoes.com/m/kolory_zla_czern,Colors of Evil: Black,,,,,,
11200,Didi Drives Me Crazy,,ok,https://www.rottentomatoes.com/m/she_drives_me_crazy,She Drives Me Crazy,,,,,,TV-PG
11207,Süperseks,,ok,https://www.rottentomatoes.com/m/1081501-senseless,Senseless,,6,NEGATIVE,45,NEGATIVE,R
11213,Die Blume der Hausfrau,,ok,https://www.rottentomatoes.com/m/die_geschichte_der_menschheit_leicht_gekurzt,Die Geschichte der Menschheit - leicht gekürzt,,,,,,
11217,Club Dread,,ok,https://www.rottentomatoes.com/m/club-dread,Broken Lizard's Club Dread,,31,NEGATIVE,44,NEGATIVE,R
11230,Drunken Master,,ok,https://www.rottentomatoes.com/m/legend_of_drunken_master,Drunken Master II,,85,POSITIVE,88,POSITIVE,R
11256,Frei:Gespielt - Mehmet Scholl - Über das Spiel hinaus,,ok,https://www.rottentomatoes.com/m/one_flew_over_the_cuckoos_nest,One Flew Over the Cuckoo's Nest,,92,POSITIVE,96,POSITIVE,R
11280,Die Musterknaben 3 - 1000 und eine Nacht,,ok,https://www.rottentomatoes.com/m/halloween_iii_season_of_the_witch,Halloween III: Season of the Witch,,47,NEGATIVE,31,NEGATIVE,R
11295,The Devil's General,,ok,https://www.rottentomatoes.com/m/teufels-general-des-the-devils-general,Devil's General,,,,86,POSITIVE,
11332,8 ½ Women,,ok,https://www.rottentomatoes.com/m/8_12_women,8 1/2 Women,,41,NEGATIVE,55,NEGATIVE,R
11334,"S.P.Q.R.: 2,000 and a Half Years Ago",,ok,https://www.rottentomatoes.com/m/fck_2020_two_and_a_half_years_with_scooter,FCK 2020 - Two And A Half Years With Scooter,,,,,,
11339,Johnny Flash,,ok,https://www.rottentomatoes.com/m/flashing_guns,Flashing Guns,,,,,,
11367,Odds and Evens,,ok,https://www.rottentomatoes.com/m/odds_and_evens,Pari e dispari,,,,66,POSITIVE,PG
11369,Suck My Dick,,ok,https://www.rottentomatoes.com/m/sick_to_my_bones,Sick to My Bones,,,,,,
11378,Trafic,,ok,https://www.rottentomatoes.com/m/trafic_dinfluence,Trafic D'Influence,,,,,,
11379,The Adventures of Buckaroo Banzai Across the 8th Dimension,,ok,https://www.rottentomatoes.com/m/the_adventures_of_buckaroo_banzai,The Adventures of Buckaroo Banzai Across the Eighth Dimension,,67,POSITIVE,69,POSITIVE,PG
11389,The Olsen Gang,,ok,https://www.rottentomatoes.com/m/the_olsen_gang_runs_amok,The Olsen Gang Runs Amok,,,,,,
11392,The Olsen Gang Sees Red,,ok,https://www.rottentomatoes.com/m/the_olsen_gang_runs_amok,The Olsen Gang Runs Amok,,,,,,
11407,Der Schlüssel zum Erfolg,,ok,https://www.rottentomatoes.com/m/captains_paradise,The Captain's Paradise,,80,POSITIVE,70,POSITIVE,
11408,Kurz:Ivan,,ok,https://www.rottentomatoes.com/m/wayward,Wayward,,,,40,NEGATIVE,
11421,C.R.A.Z.Y.,,ok,https://www.rottentomatoes.com/m/crazy_stupid_love_2011,"Crazy, Stupid, Love. (2011)",,79,POSITIVE,78,POSITIVE,PG-13
11430,The Lion King 1½,,ok,https://www.rottentomatoes.com/m/mufasa_the_lion_king,Mufasa: The Lion King,,56,NEGATIVE,88,POSITIVE,PG
11480,Romuald & Juliette,,ok,https://www.rottentomatoes.com/m/noel_and_juliette,Noel and Juliette,,,,,,
11500,The Collaborator,,ok,https://www.rottentomatoes.com/m/the_collaborators,The Collaborators,,,,,,
11530,The Discord,,ok,https://www.rottentomatoes.com/m/il-seme-della-discordia,The Seed of Discord,,,,39,NEGATIVE,
11550,Heroes Like Us,,ok,https://www.rottentomatoes.com/m/spies_like_us,Spies Like Us,,35,NEGATIVE,56,NEGATIVE,PG
11580,Don Camillo: Monsignor,,ok,https://www.rottentomatoes.com/m/don_camillo_monsignore_ma_non_troppo,Don Camillo monsignore... ma non troppo,,,,,,
11583,The First Great Train Robbery,,ok,https://www.rottentomatoes.com/m/the_great_train_robbery_1979,The Great Train Robbery,,79,POSITIVE,69,POSITIVE,PG
11611,Nich' mit Leo,,ok,https://www.rottentomatoes.com/m/gun_fury,Gun Fury,,,,26,NEGATIVE,
11614,Bomber,,ok,https://www.rottentomatoes.com/m/lancaster_skies,Burning Skies: Bomber Command,,,,22,NEGATIVE,
11624,Everything You Always Wanted to Know About Sex *But Were Afraid to Ask,,ok,https://www.rottentomatoes.com/m/everything_you_always_wanted_to_know_about_sex_but_were_afraid_to_ask,Everything You Always Wanted to Know About Sex (But Were Afraid to Ask),,88,POSITIVE,69,POSITIVE,R
11627,Münchhausen,,ok,https://www.rottentomatoes.com/m/adventures_of_baron_munchausen,The Adventures of Baron Munchausen,,90,POSITIVE,82,POSITIVE,PG
11630,3 Men and a Little Lady,,ok,https://www.rottentomatoes.com/m/three_men_and_a_little_lady,Three Men and a Little Lady,,40,NEGATIVE,43,NEGATIVE,PG
11651,Hui Buh: The Castle Ghost,,ok,https://www.rottentomatoes.com/m/hui-buh-the-castle-ghost,Hui Buh: The Goofy Ghost,,,,46,NEGATIVE,
11657,Le Cercle Rouge,,ok,https://www.rottentomatoes.com/m/le_cercle_rouge,The Red Circle,,96,POSITIVE,92,POSITIVE,
11664,"Die Bademeister – Weiber, saufen, Leben retten",,ok,https://www.rottentomatoes.com/m/listen_up_the_lives_of_quincy_jones,Listen Up: The Lives of Quincy Jones,,,,,,PG-13
11669,Demon Is on the Island,,ok,https://www.rottentomatoes.com/m/jackie_chans_the_prisoner,Island of Fire (Huo shao dao) (Jackie Chan Is the Prisoner) (Island on Fire),,,,33,NEGATIVE,
11681,The Two Missionaries,,ok,https://www.rottentomatoes.com/m/austin_powers_the_spy_who_shagged_me,Austin Powers: The Spy Who Shagged Me,,54,NEGATIVE,71,POSITIVE,PG-13
11682,Unser Willi ist der Beste,,ok,https://www.rottentomatoes.com/m/our_willi_is_the_best,Our Willi Is the Best,,,,,,
11691,Go Trabi Go,,ok,https://www.rottentomatoes.com/m/driving_me_crazy,Driving Me Crazy,,,,15,NEGATIVE,PG
11710,The Enigma of Kaspar Hauser,,ok,https://www.rottentomatoes.com/m/enigma_of_kaspar_hauser,Every Man for Himself and God Against All,,91,POSITIVE,90,POSITIVE,
11711,Die Eisbombe,,ok,https://www.rottentomatoes.com/m/good_luck_have_fun_dont_die,"Good Luck, Have Fun, Don't Die",,82,POSITIVE,84,POSITIVE,R
11713,Fist of Fury,,ok,https://www.rottentomatoes.com/m/chinese-connection-2,Fist of Fury II,,,,42,NEGATIVE,R
11714,666: In Bed with the Devil,,ok,https://www.rottentomatoes.com/m/in_bed_with_the_pedros,In Bed with the Pedros,,,,,,
11715,If the Father and the Son,,ok,https://www.rottentomatoes.com/m/the_father_the_son_and_anna,"The Father, The Son and Anna",,,,,,
11717,The Parallel Corpses,,ok,https://www.rottentomatoes.com/m/the_parallel_corpse,The Parallel Corpse,,,,,,
11735,Chen Mo and Meiting,,ok,https://www.rottentomatoes.com/m/siu-chan-chan-and-i-hate-you-so,And I Hate You So,,,,51,NEGATIVE,
11752,Freche Mädchen,,ok,https://www.rottentomatoes.com/m/freche_maedchen_2,Freche Mädchen 2,,,,,,
11763,Bunty Aur Babli,,ok,https://www.rottentomatoes.com/m/bunty_aur_babli_2,Bunty Aur Babli 2,,17,NEGATIVE,27,NEGATIVE,
11768,Water War,,ok,https://www.rottentomatoes.com/m/rivers_end_californias_latest_water_war,River's End: California's Latest Water War,,,,,,
11776,Die Frau vom Checkpoint Charlie,,ok,https://www.rottentomatoes.com/m/a_woman_of_paris_a_drama_of_fate,A Woman of Paris,,94,POSITIVE,75,POSITIVE,
11781,Cherche famille désespérément,,ok,https://www.rottentomatoes.com/m/cherche_famille_desesperement,Cherche Famille Desesperement,,,,,,
11795,Guyver: Dark Hero,,ok,https://www.rottentomatoes.com/m/guyver_2_dark_hero,Guyver 2: Dark Hero,,,,61,POSITIVE,R
11799,Viva Maria!,,ok,https://www.rottentomatoes.com/m/the_super_mario_bros_movie,The Super Mario Bros. Movie,,59,NEGATIVE,95,POSITIVE,PG
11807,Jab We Met,,ok,https://www.rottentomatoes.com/m/jab_we_met,When We Met,,100,POSITIVE,90,POSITIVE,
11809,The Legend of Till,,ok,https://www.rottentomatoes.com/m/the_legend_of_tillamooks_gold,The Legend of Tillamook's Gold,,,,50,NEGATIVE,
11810,A Legal Marriage,,ok,https://www.rottentomatoes.com/m/tyler_perrys_temptation_confessions_of_a_marriage_counselor,Tyler Perry's Temptation: Confessions of a Marriage Counselor,,22,NEGATIVE,66,POSITIVE,PG-13
11840,Piratensender Powerplay,,ok,https://www.rottentomatoes.com/m/hidden_obsession,Hidden Obsession,,,,60,POSITIVE,R
11841,The 36th Chamber of Shaolin,,ok,https://www.rottentomatoes.com/m/36th_chamber_of_shaolin,Master Killer,,83,POSITIVE,89,POSITIVE,R
11869,"Quax, der Bruchpilot",,ok,https://www.rottentomatoes.com/m/der_hafenpastor,Der Hafenpastor,,,,,,
11872,Er kann's nicht lassen,,ok,https://www.rottentomatoes.com/m/le_bonheur_de_pierre,Le Bonheur de Pierre,,,,,,
11877,Der brave Soldat Schwejk,,ok,https://www.rottentomatoes.com/m/saving_private_ryan,Saving Private Ryan,,94,POSITIVE,95,POSITIVE,R
11903,Crazy Race 2 - Warum die Mauer wirklich fiel,,ok,https://www.rottentomatoes.com/m/gods_must_be_crazy_2,The Gods Must Be Crazy II,,50,NEGATIVE,70,POSITIVE,PG
11912,The Tattoo,,ok,https://www.rottentomatoes.com/m/le-tatoue-the-tattooed-one,The Tattooed One,,,,60,POSITIVE,
11915,The Gendarme and the Gendarmettes,,ok,https://www.rottentomatoes.com/m/gendarme-et-les-gendarmettes-le,The Troops & Troop-ettes,,,,55,NEGATIVE,
11919,Captain Cosmotic,,ok,https://www.rottentomatoes.com/m/captain_america_brave_new_world,Captain America: Brave New World,,46,NEGATIVE,75,POSITIVE,PG-13
11920,Urlaub vom Leben,,ok,https://www.rottentomatoes.com/m/urlaub,Urlaub,,,,,,
11945,Emil of Lonneberga,,ok,https://www.rottentomatoes.com/m/emil_in_lonneberga,Emil in Lonneberga,,,,,,
11946,New Mischief by Emil,,ok,https://www.rottentomatoes.com/m/by_and_by_new_orleans_gospel_at_the_crossroads,By and By: New Orleans Gospel at the Crossroads,,,,,,
11952,Der Untergang der Pamir,,ok,https://www.rottentomatoes.com/m/1056130-titanic,Titanic,,91,POSITIVE,66,POSITIVE,
11957,Peut-être,,ok,https://www.rottentomatoes.com/m/1174278-definitely_maybe,"Definitely, Maybe",,71,POSITIVE,72,POSITIVE,PG-13
11958,"Not For, or Against (Quite the Contrary)",,ok,https://www.rottentomatoes.com/m/ni-pour-ni-contre-bien-au-contraire-not-for-or-against,Not for or Against,,,,62,POSITIVE,
11965,Silvester Home Run,,ok,https://www.rottentomatoes.com/m/home_run_showdown,Home Run Showdown,,,,33,NEGATIVE,
11981,Die Supernasen,,ok,https://www.rottentomatoes.com/m/superbad_2016,Superbad (2016),,,,,,
11984,Finnischer Tango,,ok,https://www.rottentomatoes.com/m/last_tango_in_paris,Last Tango in Paris,,81,POSITIVE,75,POSITIVE,NC-17
12083,Dr. Alemán,,ok,https://www.rottentomatoes.com/m/the_german_doctor,The German Doctor,,75,POSITIVE,63,POSITIVE,PG-13
12098,Zwei Nasen tanken Super,,ok,https://www.rottentomatoes.com/m/the_super_cops_2011,The Super Cops,,83,POSITIVE,65,POSITIVE,PG
12108,42plus,,ok,https://www.rottentomatoes.com/m/42_plus,42 Plus,,,,,,
12112,He Loves Me… He Loves Me Not,,ok,https://www.rottentomatoes.com/m/he_loves_me_he_loves_me_not,He Loves Me... He Loves Me Not,,71,POSITIVE,84,POSITIVE,PG-13
12114,Long Roads - Secret Love,,ok,https://www.rottentomatoes.com/m/a_secret_love,A Secret Love,,100,POSITIVE,88,POSITIVE,
12115,"Love, Money, Love",,ok,https://www.rottentomatoes.com/m/for_love_or_money_1993,For Love or Money (1993),,39,NEGATIVE,46,NEGATIVE,PG
12131,Ganz und gar,,ok,https://www.rottentomatoes.com/m/the_phantom_tollbooth_1970,The Phantom Tollbooth,,100,POSITIVE,75,POSITIVE,G
12132,Sin querer,,ok,https://www.rottentomatoes.com/m/sin_city,Sin City,,76,POSITIVE,78,POSITIVE,R
12147,Do Fish Do It?,,ok,https://www.rottentomatoes.com/m/do-fish-do-it,Do It,,,,90,POSITIVE,
12148,Der Sandmann,,ok,https://www.rottentomatoes.com/m/the_sandman_1995,The Sandman (1995),,,,,,
12154,3 Men and a Baby,,ok,https://www.rottentomatoes.com/m/three_men_and_a_baby,Three Men and a Baby,,67,POSITIVE,48,NEGATIVE,PG
12173,The Marvelous Visit,,ok,https://www.rottentomatoes.com/m/the_visit_2015,The Visit (2015),,68,POSITIVE,52,NEGATIVE,PG-13
12195,Dokumentarfilm - Eine Anleitung,,ok,https://www.rottentomatoes.com/m/yaloms_cure,Yalom's Cure,,,,50,NEGATIVE,
12196,66/67 - Fairplay war gestern,,ok,https://www.rottentomatoes.com/m/66_67_one_family_is_enough,66/67: One Family Is Enough,,,,,,
12207,The Legend of Drunken Master,,ok,https://www.rottentomatoes.com/m/legend_of_drunken_master,Drunken Master II,,85,POSITIVE,88,POSITIVE,R
12209,Abxang,,ok,https://www.rottentomatoes.com/m/abang_adik,Abang Adik,,,,,,
12213,Remembering Whiskey,,ok,https://www.rottentomatoes.com/m/whiskey_tango_foxtrot,Whiskey Tango Foxtrot,,67,POSITIVE,54,NEGATIVE,R
12214,A Business of Men,,ok,https://www.rottentomatoes.com/m/morbidelli_a_story_of_men_and_fast_motorcycles,Morbidelli: A Story Of Men and Fast Motorcycles,,,,,,
12215,La Passion,,ok,https://www.rottentomatoes.com/m/la_passion_selon_beatrice,La passion selon Béatrice,,,,,,
12230,One Hundred and One Dalmatians,,ok,https://www.rottentomatoes.com/m/one_hundred_and_one_nights,A Hundred and One Nights,,,,57,NEGATIVE,
12234,Wir hau'n die Pauker in die Pfanne,,ok,https://www.rottentomatoes.com/m/i_do_not_care_if_we_go_down_in_history_as_barbarians,I Do Not Care If We Go Down in History as Barbarians,,92,POSITIVE,62,POSITIVE,
12238,The Night Flier,,ok,https://www.rottentomatoes.com/m/stephen_kings_the_night_flier,Stephen King's The Night Flier,,33,NEGATIVE,42,NEGATIVE,R
12240,The House Is Burning,,ok,https://www.rottentomatoes.com/m/the_house_is_black_2008,The House is Black (2008),,100,POSITIVE,95,POSITIVE,
12246,Mongol: The Rise of Genghis Khan,,ok,https://www.rottentomatoes.com/m/mongol,Mongol,,86,POSITIVE,76,POSITIVE,R
12256,The First Semester,,ok,https://www.rottentomatoes.com/m/captain_america_the_first_avenger,Captain America: The First Avenger,,80,POSITIVE,75,POSITIVE,PG-13
12265,Au bout du chemin,,ok,https://www.rottentomatoes.com/m/little_girl_who_lives_down_the_lane,The Little Girl Who Lives Down the Lane,,93,POSITIVE,75,POSITIVE,PG
12270,"Crosby, Stills, Nash & Young ‎– Déjà Vu",,ok,https://www.rottentomatoes.com/m/csny_deja_vu,CSNY: Deja Vu,,68,POSITIVE,70,POSITIVE,R
12272,Golden Night,,ok,https://www.rottentomatoes.com/m/night_at_the_golden_eagle,Night at the Golden Eagle,,41,NEGATIVE,62,POSITIVE,R
12273,Singh Is Kinng,,ok,https://www.rottentomatoes.com/m/singh_is_kinng,Singh Is King,,,,51,NEGATIVE,
12275,Verses of Love,,ok,https://www.rottentomatoes.com/m/verses_of_love_2,Verses of Love 2,,,,,,
12279,Spy Kids 3-D: Game Over,,ok,https://www.rottentomatoes.com/m/spy_kids_3d_game_over,Spy Kids 3: Game Over,,45,NEGATIVE,25,NEGATIVE,PG
12302,Ghost Busted,,ok,https://www.rottentomatoes.com/m/ghost_of_hidden_valley,Ghost of Hidden Valley,,,,,,
12313,Rock Crystal,,ok,https://www.rottentomatoes.com/m/punk_rock,Punk Rock,,,,,,
12315,Summertime Blues,,ok,https://www.rottentomatoes.com/m/lemon_popsicle_8,Lemon Popsicle 8,,,,,,
12354,Johanna sucht das Glück,,ok,https://www.rottentomatoes.com/m/youre_not_you,You're Not You,,52,NEGATIVE,70,POSITIVE,R
12399,Why Didn't Anybody Tell Me It Would Become This Bad in Afghanistan,,ok,https://www.rottentomatoes.com/m/what_she_didnt_tell_me,What She Didn't Tell Me,,,,,,TV-14
12410,Good,,ok,https://www.rottentomatoes.com/m/good_luck_have_fun_dont_die,"Good Luck, Have Fun, Don't Die",,82,POSITIVE,84,POSITIVE,R
12413,Gods,,ok,https://www.rottentomatoes.com/m/gods_own_country_2017,God's Own Country (2017),,98,POSITIVE,88,POSITIVE,
12451,Five Sex Rooms und eine Küche,,ok,https://www.rottentomatoes.com/m/roman_holiday,Roman Holiday,,97,POSITIVE,93,POSITIVE,
12452,Treize,,ok,https://www.rottentomatoes.com/m/thirteen,Thirteen,,81,POSITIVE,77,POSITIVE,R
12468,Death of a Tea Master,,ok,https://www.rottentomatoes.com/m/death-of-a-tea-master,The Death of a Tea Master,,,,78,POSITIVE,
12469,The Long Darkness,,ok,https://www.rottentomatoes.com/m/secrets_of_the_dulce_base_descent_into_darkness,Secrets of the Dulce Base: Descent Into Darkness,,,,,,
12470,Sandakan No. 8,,ok,https://www.rottentomatoes.com/m/sandakan_8,Sandakan 8,,,,77,POSITIVE,
12474,Via Park,,ok,https://www.rottentomatoes.com/m/from_normandy_via_paris_to_the_rhine,From Normandy via Paris to the Rhine,,,,,,
12481,The Big Boss,,ok,https://www.rottentomatoes.com/m/down_with_the_big_boss,Down With the Big Boss,,,,,,
12485,Candyman: Day of the Dead,,ok,https://www.rottentomatoes.com/m/candyman_day_of_the_dead,Candyman 3,,7,NEGATIVE,21,NEGATIVE,R
12494,Master Eder and his Pumuckl,,ok,https://www.rottentomatoes.com/m/the_felt_master_and_his_daughter,The Felt Master And His Daughter,,,,,,
12510,Au-delà de Gibraltar,,ok,https://www.rottentomatoes.com/m/au_dela_de_la_haine,Au-Delà De La Haine,,,,,,
12511,Stones,,ok,https://www.rottentomatoes.com/m/dave_chappelle_sticks_and_stones,Dave Chappelle: Sticks & Stones,,42,NEGATIVE,98,POSITIVE,
12513,Marie-Jo and Her 2 Loves,,ok,https://www.rottentomatoes.com/m/the_super_mario_bros_movie,The Super Mario Bros. Movie,,59,NEGATIVE,95,POSITIVE,PG
12514,Die Scheinheiligen,,ok,https://www.rottentomatoes.com/m/good_luck_have_fun_dont_die,"Good Luck, Have Fun, Don't Die",,82,POSITIVE,84,POSITIVE,R
12523,Räuber Kneißl,,ok,https://www.rottentomatoes.com/m/der_rauber_hotzenplotz,Der Räuber Hotzenplotz,,,,,,
12549,The Olsen Gang's Last Trick,,ok,https://www.rottentomatoes.com/m/the_olsen_gangs_big_score,The Olsen Gang's Big Score,,,,,,
12551,Hochzeit auf Immenhof,,ok,https://www.rottentomatoes.com/m/marriage_italian_style,Marriage Italian Style,,86,POSITIVE,84,POSITIVE,
12553,Yellow Devil,,ok,https://www.rottentomatoes.com/m/the_yellow_bellies,The Yellow Bellies,,,,,,
12558,The Year of the First Kiss,,ok,https://www.rottentomatoes.com/m/birth_of_the_living_dead,Year of the Living Dead,,96,POSITIVE,73,POSITIVE,
12563,Original Child Bomb,,ok,https://www.rottentomatoes.com/m/rebel_moon_part_1_a_child_of_fire,Rebel Moon: Part One - A Child of Fire,,22,NEGATIVE,56,NEGATIVE,PG-13
12570,England!,,ok,https://www.rottentomatoes.com/m/this_is_england,This Is England,,93,POSITIVE,90,POSITIVE,
12574,Cop & ½,,ok,https://www.rottentomatoes.com/m/cop_and_12,Cop and a Half,,14,NEGATIVE,35,NEGATIVE,PG
12581,The Seven Days,,ok,https://www.rottentomatoes.com/m/10012104-7_days,7 Days,,86,POSITIVE,69,POSITIVE,
12585,Summertime Blues: Lemon Popsicle VIII,,ok,https://www.rottentomatoes.com/m/lemon_popsicle_8,Lemon Popsicle 8,,,,,,
12590,Below,,ok,https://www.rottentomatoes.com/m/as_aboveso_below,"As Above, So Below",,30,NEGATIVE,42,NEGATIVE,R
12592,The Olsen Gang Goes to War,,ok,https://www.rottentomatoes.com/m/the_junior_olsen_gang_goes_under_submarine,The Junior Olsen Gang Goes Under Submarine,,,,,,
12598,Jo,,ok,https://www.rottentomatoes.com/m/joker_folie_a_deux,Joker: Folie à Deux,,31,NEGATIVE,31,NEGATIVE,R
12631,Drei Mann in einem Boot,,ok,https://www.rottentomatoes.com/m/three_on_board_except_the_dog,Three on Board Except the Dog,,,,,,
12653,Romasanta: The Werewolf Hunt,,ok,https://www.rottentomatoes.com/m/werewolf_hunter,Werewolf Hunter: The Legend of Romasanta,,,,38,NEGATIVE,R
12675,The House of Covered Mirrors,,ok,https://www.rottentomatoes.com/m/the_house_of_the_devil_2009,The House of the Devil (2009),,86,POSITIVE,63,POSITIVE,R
12680,Surviving the Terror,,ok,https://www.rottentomatoes.com/m/surviving_the_game,Surviving the Game,,35,NEGATIVE,48,NEGATIVE,R
12691,Unschuld,,ok,https://www.rottentomatoes.com/m/ende_der_schonzeit_2013,Ende der Unschuld,,,,,,
12692,Verrückt nach Paris,,ok,https://www.rottentomatoes.com/m/verruckt_nach_paris,Crazy About Paris,,,,,,
12695,Still Smokin,,ok,https://www.rottentomatoes.com/m/still_a_michael_j_fox_movie,Still: A Michael J. Fox Movie,,99,POSITIVE,95,POSITIVE,R
12696,A Birthday to Remember,,ok,https://www.rottentomatoes.com/m/walk_to_remember,A Walk to Remember,,30,NEGATIVE,78,POSITIVE,PG
12727,Der Fährmeister,,ok,https://www.rottentomatoes.com/m/der_hafenpastor,Der Hafenpastor,,,,,,
12728,Moon Landing,,ok,https://www.rottentomatoes.com/m/moon_landing_who_got_there_first,Moon Landing: Who Got There First?,,,,,,
12729,Luca's Evangelium,,ok,https://www.rottentomatoes.com/m/the_gospel_of_luke,The Gospel of Luke,,,,,,
12730,GSG 9 - Die Spezialeinheit,,ok,https://www.rottentomatoes.com/m/swat,S.W.A.T.,,48,NEGATIVE,52,NEGATIVE,PG-13
12731,Wer nie beim Schwenken schwankte,,ok,https://www.rottentomatoes.com/m/accattone,Accattone,,100,POSITIVE,88,POSITIVE,
12732,Le Petit Bougnat,,ok,https://www.rottentomatoes.com/m/the_island_bird,Le petit Piaf,,,,,,
12765,In This Very Moment,,ok,https://www.rottentomatoes.com/m/milchwald_2003,This Very Moment (2003),,,,50,NEGATIVE,
12768,We,,ok,https://www.rottentomatoes.com/m/merrily_we_roll_along,Merrily We Roll Along,,95,POSITIVE,95,POSITIVE,PG-13
12775,Flesh + Blood,,ok,https://www.rottentomatoes.com/m/flesh_blood_even_a_heart,"Flesh, Blood, Even a Heart",,,,,,
12788,Mein Leben,,ok,https://www.rottentomatoes.com/m/my_life_as_a_dog,My Life as a Dog,,100,POSITIVE,90,POSITIVE,
12789,Nicht böse sein!,,ok,https://www.rottentomatoes.com/m/night_disclosure,Night Disclosure,,,,,,
12803,Street Kid,,ok,https://www.rottentomatoes.com/m/the_main_street_kid,The Main Street Kid,,,,,,
12806,Nico and Dani,,ok,https://www.rottentomatoes.com/m/nico_and_dani,Krampack,,87,POSITIVE,70,POSITIVE,R
12813,Return to Go,,ok,https://www.rottentomatoes.com/m/return_to_goree,Return to Gorée,,100,POSITIVE,36,NEGATIVE,
12814,Sacred Silence,,ok,https://www.rottentomatoes.com/m/scared_silent,Scared Silent,,,,,,TV-14
12817,The Forester of the Silver Wood,,ok,https://www.rottentomatoes.com/m/fantastic_four_rise_of_the_silver_surfer,Fantastic Four: Rise of the Silver Surfer,,38,NEGATIVE,51,NEGATIVE,PG
12841,"Kiss, Cuddle and Celebrate",,ok,https://www.rottentomatoes.com/m/kiss_and_tell_1996,Kiss and Tell (1996),,,,,,TV-PG
13015,George Carlin: Life Is Worth Losing,,ok,https://www.rottentomatoes.com/m/as_it_is_in_life,As It Is in Life,,,,,,
13019,Young People Fucking,,ok,https://www.rottentomatoes.com/m/young_people_fucking,Young People F...ing,,41,NEGATIVE,61,POSITIVE,
13024,Dane Cook: Rough Around the Edges,,ok,https://www.rottentomatoes.com/m/dune_part_two,Dune: Part Two,,92,POSITIVE,95,POSITIVE,PG-13
13045,The Price to Pay,,ok,https://www.rottentomatoes.com/m/le-prix-a-payer,Le Prix a Payer,,,,32,NEGATIVE,
13050,Rampage Unchained,,ok,https://www.rottentomatoes.com/m/rampage_2018,Rampage (2018),,51,NEGATIVE,71,POSITIVE,PG-13
13055,Chance,,ok,https://www.rottentomatoes.com/m/1196077-cloudy_with_a_chance_of_meatballs,Cloudy With a Chance of Meatballs,,85,POSITIVE,72,POSITIVE,PG
13077,Strength and Honour,,ok,https://www.rottentomatoes.com/m/strength_and_honor,Strength and Honor,,6,NEGATIVE,70,POSITIVE,R
13091,Sechse kommen durch die Welt,,ok,https://www.rottentomatoes.com/m/watching_you_die_welt_von_palantir_und_alex_karp,Watching You: Die Welt von Palantir und Alex Karp,,,,,,
13125,Karate Bullfighter,,ok,https://www.rottentomatoes.com/m/karate_bullfighter,Champion of Death,,,,,,R
13127,SPL: Kill Zone,,ok,https://www.rottentomatoes.com/m/spl,SPL,,80,POSITIVE,79,POSITIVE,
13135,High Tech Soul: The Creation of Techno Music,,ok,https://www.rottentomatoes.com/m/high_lonesome_the_story_of_bluegrass,High Lonesome: The Story of Bluegrass Music,,,,,,
13136,Armin Only: Imagine,,ok,https://www.rottentomatoes.com/m/i_can_only_imagine_2,I Can Only Imagine 2,,60,POSITIVE,99,POSITIVE,PG
13138,Young Jönsson Gang Reach for the Stars,,ok,https://www.rottentomatoes.com/m/christa_mcauliffe_reach_for_the_stars,Christa McAuliffe: Reach for the Stars,,,,,,
13175,Esoteric Agenda,,ok,https://www.rottentomatoes.com/m/1032750-hidden_agenda,Hidden Agenda,,86,POSITIVE,72,POSITIVE,R
13181,The Devil from Mill Mountain,,ok,https://www.rottentomatoes.com/m/der_teufel_kam_aus_akasava,The Devil Came From Akasava,,,,42,NEGATIVE,
13186,Wrong Turn 2: Dead End,,ok,https://www.rottentomatoes.com/m/wrong_turn_2,Wrong Turn 2,,67,POSITIVE,48,NEGATIVE,R
13203,Son in Law,,ok,https://www.rottentomatoes.com/m/son_in_law_1993,Son-in-Law (1993),,33,NEGATIVE,59,NEGATIVE,PG-13
13204,Hellboy Animated: Blood and Iron,,ok,https://www.rottentomatoes.com/m/hellboy_blood_and_iron,Hellboy: Blood and Iron,,,,68,POSITIVE,TV-14
13240,Jeff Tweedy: Sunken Treasure - Live in the Pacific Northwest,,ok,https://www.rottentomatoes.com/m/bigfoot_encounters_in_the_pacific_northwest,Bigfoot Encounters: In the Pacific Northwest,,,,,,
13242,Scotch Mist: A Film with Radiohead in It,,ok,https://www.rottentomatoes.com/m/a-film-with-me-in-it,A Film With me in it,,62,POSITIVE,60,POSITIVE,
13244,The Privileged Planet,,ok,https://www.rottentomatoes.com/m/kingdom_of_the_planet_of_the_apes,Kingdom of the Planet of the Apes,,80,POSITIVE,77,POSITIVE,PG-13
13246,A Garfield Christmas,,ok,https://www.rottentomatoes.com/m/the_garfield_movie,The Garfield Movie,,36,NEGATIVE,79,POSITIVE,PG
13273,Shenmue: The Movie,,ok,https://www.rottentomatoes.com/m/f1_the_movie,F1 The Movie,,82,POSITIVE,97,POSITIVE,PG-13
13274,Final Fantasy VII: Last Order,,ok,https://www.rottentomatoes.com/m/last-order-final-fantasy-vii,Last Order: Final Fantasy VII,,,,84,POSITIVE,
13285,Barbie Fairytopia: Mermaidia,,ok,https://www.rottentomatoes.com/m/barbie-mermaidia,Barbie: Mermaidia,,,,71,POSITIVE,
13292,Die Geschichte vom armen Hassan,,ok,https://www.rottentomatoes.com/m/die_geschichte_vom_goldenen_taler,Die Geschichte vom goldenen Taler,,,,,,
13294,The Story of Little Mook,,ok,https://www.rottentomatoes.com/m/dont_look_back_the_story_of_leroy_satchel_paige,Don't Look Back: The Story of Leroy Satchel Paige,,,,,,
13295,China O'Brien II,,ok,https://www.rottentomatoes.com/m/china_obrien_2,China O'Brien 2,,,,,,R
13297,The Goose Princess,,ok,https://www.rottentomatoes.com/m/princess_bride,The Princess Bride,,93,POSITIVE,94,POSITIVE,PG
13298,The Golden Ger,,ok,https://www.rottentomatoes.com/m/the_golden_age,The Golden Age,,,,60,POSITIVE,
13301,Hans Rockle and the Devil,,ok,https://www.rottentomatoes.com/m/world_the_flesh_and_the_devil,"The World, the Flesh and the Devil",,,,52,NEGATIVE,
13302,King Thrushbeard,,ok,https://www.rottentomatoes.com/m/the_king_2019,The King (2019),,71,POSITIVE,84,POSITIVE,R
13303,Hatifa,,ok,https://www.rottentomatoes.com/m/shattered_city,Shattered City: The Halifax Explosion,,,,27,NEGATIVE,
13304,Rumpelstiltskin and the Golden Secret,,ok,https://www.rottentomatoes.com/m/tintin-et-le-mystere-de-la-toison-dor-tintin-and-the-mystery-of-the-golden-fleece,Tintin and the Mystery of the Golden Fleece,,,,43,NEGATIVE,
13305,Snow-White and Rose-Red,,ok,https://www.rottentomatoes.com/m/the_adventures_of_snow_white_and_rose_red,The Adventures of Snow White and Rose Red,,,,,,
13306,The Farmer's Clever Daughter,,ok,https://www.rottentomatoes.com/m/farmers_daughter,The Farmer's Daughter,,100,POSITIVE,78,POSITIVE,
13307,Who's Afraid of the Devil,,ok,https://www.rottentomatoes.com/m/whos_afraid_of_the_cape_cod_bear,Who's Afraid of the Cape Cod Bear?,,,,,,
13309,On Evil Grounds,,ok,https://www.rottentomatoes.com/m/wrath_on_evil,Wrath on Evil,,,,,,
13312,Inside,,ok,https://www.rottentomatoes.com/m/inside_man,Inside Man,,86,POSITIVE,85,POSITIVE,R
13315,"Big Bang Love, Juvenile A",,ok,https://www.rottentomatoes.com/m/big_bang_love_juvenile_a,"Big Bang Love, Juvenile A (46-okunen no koi)",,,,72,POSITIVE,
13334,Wolfhound of the Grey Dog Clan,,ok,https://www.rottentomatoes.com/m/the_addiction_of_hope,The Addiction of Hope,,,,,,
13338,Sione's Wedding,,ok,https://www.rottentomatoes.com/m/samoan_wedding,Samoan Wedding,,83,POSITIVE,80,POSITIVE,
13345,A Chinese Odyssey Part One: Pandora's Box,,ok,https://www.rottentomatoes.com/m/a_chinese_odyssey_i_pandoras_box,A Chinese Odyssey I -- Pandora's Box,,,,78,POSITIVE,
13351,Scooby-Doo! in Arabian Nights,,ok,https://www.rottentomatoes.com/m/scoobydoo-in-arabian-nights,Scooby-Doo! Arabian Nights,,,,46,NEGATIVE,TV-G
13369,Empire,,ok,https://www.rottentomatoes.com/m/empire_of_the_sun,Empire of the Sun,,75,POSITIVE,90,POSITIVE,PG
13376,Eight Crazy Nights,,ok,https://www.rottentomatoes.com/m/adam_sandlers_eight_crazy_nights,Adam Sandler's Eight Crazy Nights,,13,NEGATIVE,50,NEGATIVE,PG-13
13399,Robbie the Reindeer: Hooves of Fire,,ok,https://www.rottentomatoes.com/m/robbie-the-reindeer-in-hooves-of-fire-and-the-legend-of-the-lost-tribe,Robbie the Reindeer in Hooves of Fire and the Legend of the Lost Tribe,,,,47,NEGATIVE,
13404,Big City,,ok,https://www.rottentomatoes.com/m/1003098-bright_lights_big_city,"Bright Lights, Big City",,59,NEGATIVE,38,NEGATIVE,R
13406,American Loser,,ok,https://www.rottentomatoes.com/m/american_loser_2007,Trainwreck: My Life as an Idiot (2007),,,,34,NEGATIVE,R
13409,State Property: Blood on the Streets,,ok,https://www.rottentomatoes.com/m/state_property_two,State Property 2,,14,NEGATIVE,82,POSITIVE,R
13413,BURN·E,,ok,https://www.rottentomatoes.com/m/burne,BURN-E,,,,81,POSITIVE,
13418,Draw,,ok,https://www.rottentomatoes.com/m/how_to_draw_a_perfect_circle,How to Draw a Perfect Circle,,,,,,
13434,Noam Chomsky: Distorted Morality,,ok,https://www.rottentomatoes.com/m/noam-chomsky-distorted-morality-americas-war-on-terror,Noam Chomsky: Distorted Morality - America's War on Terror?,,,,94,POSITIVE,
13443,NASCAR: The IMAX Experience,,ok,https://www.rottentomatoes.com/m/nascar_the_imax_experience,NASCAR,,60,POSITIVE,87,POSITIVE,PG
13447,Dream Theater: Score - 20th Anniversary World Tour,,ok,https://www.rottentomatoes.com/m/radwimps_20th_anniversary_live_tour,RADWIMPS 20th Anniversary Live Tour,,,,,,
13451,that,,ok,https://www.rottentomatoes.com/m/stop_that_train,Stop! That! Train!,,84,POSITIVE,79,POSITIVE,R
13452,Catch the Vapors,,ok,https://www.rottentomatoes.com/m/catch_the_wind_2026,Catch the Wind (2026),,,,,,
13454,More,,ok,https://www.rottentomatoes.com/m/one_more_shot_2025,One More Shot (2025),,67,POSITIVE,,,
13462,Riding For A Living,,ok,https://www.rottentomatoes.com/m/lets_hear_it_for_a_living_legend,Let's Hear It for a Living Legend,,,,,,
13480,Ricky Gervais: Out of England,,ok,https://www.rottentomatoes.com/m/ricky_gervais_out_of_england_the_standup_special,Ricky Gervais: Out of England - The Stand-Up Special,,,,85,POSITIVE,
13481,The Five Venoms,,ok,https://www.rottentomatoes.com/m/five_deadly_venoms,Five Deadly Venoms,,80,POSITIVE,84,POSITIVE,R
13495,Captain Alatriste: The Spanish Musketeer,,ok,https://www.rottentomatoes.com/m/alatriste,Alatriste,,17,NEGATIVE,48,NEGATIVE,
13513,Kid with the Golden Arm,,ok,https://www.rottentomatoes.com/m/kid_with_the_golden_arm,The Kid With the Golden Arm,,,,74,POSITIVE,
13516,Slacker Uprising,,ok,https://www.rottentomatoes.com/m/slacker_uprising,Captain Mike Across America,,31,NEGATIVE,35,NEGATIVE,
13521,Charlie And A Half,,ok,https://www.rottentomatoes.com/m/charlie_vehetzi,Charlie Ve'hetzi,,,,,,
13522,Arn: The Kingdom at Road's End,,ok,https://www.rottentomatoes.com/m/arn_the_kingdom_at_the_end_of_the_road,Arn: The Kingdom at the End of the Road,,,,,,
13544,FB: Fighting Beat,,ok,https://www.rottentomatoes.com/m/fb-fighting-beat,Fighting Beat,,,,36,NEGATIVE,
13545,Josh Blue: 7 More Days In The Tank,,ok,https://www.rottentomatoes.com/m/travel_the_road_7_days_in_haiti,Travel the Road: 7 Days in Haiti,,,,,,
13576,This Is It,,ok,https://www.rottentomatoes.com/m/michael_jackson_this_is_it,Michael Jackson's This Is It,,81,POSITIVE,82,POSITIVE,PG
13582,Lösvikt,,ok,https://www.rottentomatoes.com/m/the_thrill_of_a_kill,The Thrill of a Kill,,,,,,
13585,Bill Bailey: Tinselworm,,ok,https://www.rottentomatoes.com/m/bill_bailey_part_troll,Bill Bailey: Part Troll,,,,,,
13587,Eddie Izzard: Circle,,ok,https://www.rottentomatoes.com/m/eddie-izzard-dress-to-kill,Eddie Izzard - Dress to Kill,,,,97,POSITIVE,
13588,Eddie Izzard: Definite Article,,ok,https://www.rottentomatoes.com/m/eddie-izzard-dress-to-kill,Eddie Izzard - Dress to Kill,,,,97,POSITIVE,
13591,Eddie Izzard: Unrepeatable,,ok,https://www.rottentomatoes.com/m/eddie-izzard-dress-to-kill,Eddie Izzard - Dress to Kill,,,,97,POSITIVE,
13592,Eddie Izzard: Sexie,,ok,https://www.rottentomatoes.com/m/eddie-izzard-dress-to-kill,Eddie Izzard - Dress to Kill,,,,97,POSITIVE,
13607,1 Love,,ok,https://www.rottentomatoes.com/m/bob_marley_one_love,Bob Marley: One Love,,43,NEGATIVE,90,POSITIVE,PG-13
13610,Christmas Cottage,,ok,https://www.rottentomatoes.com/m/thomas_kinkades_christmas_cottage,Thomas Kinkade's Christmas Cottage,,,,62,POSITIVE,PG
13619,Adult Behaviour… It's All in the Mind,,ok,https://www.rottentomatoes.com/m/adult_behavior_its_all_in_the_mind,Adult Behavior: It's All in the Mind,,,,,,
13622,Moritz in der Litfaßsäule,,ok,https://www.rottentomatoes.com/m/alltag_in_der_holle_bericht_aus_ost_ghuta,Alltag in der Hölle - Bericht aus Ost-Ghuta,,,,,,
13635,Mesrine: Killer Instinct,,ok,https://www.rottentomatoes.com/m/instinct_de_mort,Mesrine: Part 1 - Death Instinct,,81,POSITIVE,84,POSITIVE,R
13636,Bigger Stronger Faster*,,ok,https://www.rottentomatoes.com/m/bigger_stronger_faster_asterisk,"Bigger, Stronger, Faster",,96,POSITIVE,81,POSITIVE,PG-13
13642,The Very First Noel,,ok,https://www.rottentomatoes.com/m/once_again_for_the_very_first_time,Once Again (For the Very First Time),,,,,,
13643,George Carlin: It's Bad for Ya!,,ok,https://www.rottentomatoes.com/m/tarzan_ii,Tarzan II,,33,NEGATIVE,36,NEGATIVE,G
13651,Waiting for the Hearse,,ok,https://www.rottentomatoes.com/m/waiting_for_the_barbarians_2020,Waiting for the Barbarians,,53,NEGATIVE,60,POSITIVE,
13657,Lebbis: W2P,,ok,https://www.rottentomatoes.com/m/here_comes_the_rain,Here Comes the Rain,,,,,,
13670,A Crude Awakening,,ok,https://www.rottentomatoes.com/m/a-crude-awakening-the-oil-crash,Oil Crash,,73,POSITIVE,84,POSITIVE,
13674,Talegaver til børn: 15 års jubilæum,,ok,https://www.rottentomatoes.com/m/born_free,Born Free,,88,POSITIVE,86,POSITIVE,PG
13699,The Happy Elf,,ok,https://www.rottentomatoes.com/m/the_happy_prince_2018,The Happy Prince (2018),,71,POSITIVE,51,NEGATIVE,R
13711,Hot Acts of Love,,ok,https://www.rottentomatoes.com/m/body_games,Body Games,,,,,,R
13729,Garage Babes,,ok,https://www.rottentomatoes.com/m/freestyle_2000,Freestyle,,94,POSITIVE,86,POSITIVE,
13731,The Age of Man,,ok,https://www.rottentomatoes.com/m/kundo_age_of_the_rampant,Kundo: Age of the Rampant,,80,POSITIVE,68,POSITIVE,
13733,Le Cactus,,ok,https://www.rottentomatoes.com/m/the_summer_house,The Summer House,,71,POSITIVE,45,NEGATIVE,
13734,Frenchmen 2,,ok,https://www.rottentomatoes.com/m/le-coeur-des-hommes-2,French Men 2,,,,63,POSITIVE,
13735,Hikers in Saint-Tropez,,ok,https://www.rottentomatoes.com/m/two_bastards_in_saint_tropez,Two Bastards in Saint-Tropez,,,,,,
13739,Quatre étoiles,,ok,https://www.rottentomatoes.com/m/gourmet_detective_a_healthy_place_to_die_2015,The Gourmet Detective: A Healthy Place to Die (2015),,,,45,NEGATIVE,
13741,2 Alone in Paris,,ok,https://www.rottentomatoes.com/m/seuls-two,Two Alone in Paris,,,,24,NEGATIVE,
13742,Satan,,ok,https://www.rottentomatoes.com/m/satans_slaves,Satan's Slaves,,91,POSITIVE,81,POSITIVE,
13745,Perfect Match...,,ok,https://www.rottentomatoes.com/m/the_perfect_match_2016,The Perfect Match (2016),,22,NEGATIVE,44,NEGATIVE,R
13752,Max Manus: Man of War,,ok,https://www.rottentomatoes.com/m/max_manus_man_of_war,Max Manus,,79,POSITIVE,83,POSITIVE,
13764,Santa Claus: The Movie,,ok,https://www.rottentomatoes.com/m/santa_claus_the_movie,Santa Claus,,22,NEGATIVE,68,POSITIVE,PG
13792,Last Train to Freo,,ok,https://www.rottentomatoes.com/m/last_train_to_fortune,Last Train to Fortune,,,,,,
13796,Amazon,,ok,https://www.rottentomatoes.com/m/ainbo_spirit_of_the_amazon,Ainbo: Spirit of the Amazon,,56,NEGATIVE,26,NEGATIVE,
13802,Colour Me Kubrick,,ok,https://www.rottentomatoes.com/m/colour-me-kubrick,Color Me Kubrick,,51,NEGATIVE,42,NEGATIVE,
13840,HDNet Fights: Destruction,,ok,https://www.rottentomatoes.com/m/destruction_los_angeles,Destruction: Los Angeles,,,,89,POSITIVE,
13856,Special,,ok,https://www.rottentomatoes.com/m/midnight_special_2015,Midnight Special,,84,POSITIVE,67,POSITIVE,PG-13
13921,Special Escort,,ok,https://www.rottentomatoes.com/m/midnight_special_2015,Midnight Special,,84,POSITIVE,67,POSITIVE,PG-13
13924,The Adventures of André and Wally B.,,ok,https://www.rottentomatoes.com/m/adventures_of_rocky_and_bullwinkle,The Adventures of Rocky and Bullwinkle,,42,NEGATIVE,21,NEGATIVE,PG
13928,Knick Knack,,ok,https://www.rottentomatoes.com/m/knick-knack,Knick-Knack,,,,81,POSITIVE,G
13931,Mike's New Car,,ok,https://www.rottentomatoes.com/m/new_in_town,New in Town,,28,NEGATIVE,37,NEGATIVE,PG
13932,Jack-Jack Attack,,ok,https://www.rottentomatoes.com/m/jackjack-attack,Jack Attack,,,,84,POSITIVE,
13941,Take,,ok,https://www.rottentomatoes.com/m/take_care_of_maya,Take Care of Maya,,93,POSITIVE,93,POSITIVE,
13965,The Man From Snowy River II,,ok,https://www.rottentomatoes.com/m/return_to_snowy_river,Return to Snowy River,,,,83,POSITIVE,PG
13983,Finishing the Game: The Search for a New Bruce Lee,,ok,https://www.rottentomatoes.com/m/finishing_the_game,Finishing the Game,,34,NEGATIVE,47,NEGATIVE,
14028,Behind Enemy Lines III: Colombia,,ok,https://www.rottentomatoes.com/m/behind_enemy_lines_colombia,Behind Enemy Lines: Colombia,,,,24,NEGATIVE,R
14036,Johan Cruijff - En un momento dado,,ok,https://www.rottentomatoes.com/m/waves_2019,Waves (2019),,84,POSITIVE,81,POSITIVE,R
14037,Nummer 14 Johan Cruijff,,ok,https://www.rottentomatoes.com/m/project_s,Project S,,,,,,
14078,Morgan Pålsson - World Reporter,,ok,https://www.rottentomatoes.com/m/world_war_four,World War Four,,,,,,
14079,New World Disorder 1,,ok,https://www.rottentomatoes.com/m/new_world_disorder,New World Disorder,,,,14,NEGATIVE,R
14080,New World Disorder 3: Freewheel Burning,,ok,https://www.rottentomatoes.com/m/new_world_disorder,New World Disorder,,,,14,NEGATIVE,R
14081,New World Disorder 4: Ride the Lightning,,ok,https://www.rottentomatoes.com/m/new_world_disorder,New World Disorder,,,,14,NEGATIVE,R
14082,New World Disorder 5: Disorderly Conduct,,ok,https://www.rottentomatoes.com/m/new_world_disorder,New World Disorder,,,,14,NEGATIVE,R
14083,New World Disorder 6: Unchained,,ok,https://www.rottentomatoes.com/m/new_world_disorder,New World Disorder,,,,14,NEGATIVE,R
14084,New World Disorder 7: Flying High Again,,ok,https://www.rottentomatoes.com/m/new_world_disorder,New World Disorder,,,,14,NEGATIVE,R
14086,Agatha and the Storm,,ok,https://www.rottentomatoes.com/m/agata_e_la_tempesta,Agata and the Storm,,,,68,POSITIVE,
14091,Code Rush,,ok,https://www.rottentomatoes.com/m/dinner_rush,Dinner Rush,,91,POSITIVE,85,POSITIVE,R
14132,Macross: Do You Remember Love?,,ok,https://www.rottentomatoes.com/m/do_you_remember_love,Do You Remember Love,,,,,,
14141,Balls Out: Gary the Tennis Coach,,ok,https://www.rottentomatoes.com/m/balls_out_gary_the_tennis_coach,Balls Out: The Gary Houseman Story,,,,27,NEGATIVE,R
14143,The Devil's Ground,,ok,https://www.rottentomatoes.com/m/the_cycle_2008,The Cycle (2008),,,,,,R
14154,WarGames: The Dead Code,,ok,https://www.rottentomatoes.com/m/wargames_the_dead_code,War Games: The Dead Code,,,,25,NEGATIVE,PG-13
14159,Aaja Nachle,,ok,https://www.rottentomatoes.com/m/10008752-aaja_nachle,"Come, Dance With Me",,67,POSITIVE,72,POSITIVE,
14173,Princess,,ok,https://www.rottentomatoes.com/m/princess_bride,The Princess Bride,,93,POSITIVE,94,POSITIVE,PG
14190,The Black Lapp,,ok,https://www.rottentomatoes.com/m/and_when_the_night_turned_black,And When the Night Turned Black,,,,,,
14200,The Do-Gooders,,ok,https://www.rottentomatoes.com/m/the_do_gooders,The Do Gooders,,,,,,
14206,Female Ninjas Magic Chronicles: Legend of Yagyu Part 1,,ok,https://www.rottentomatoes.com/m/the_legend_of_the_forest_part_1,The Legend of the Forest: Part-1,,,,,,
14214,Thoda Pyaar Thoda Magic,,ok,https://www.rottentomatoes.com/m/thoda_pyaar_thoda_magic,"A Little Love, a Little Magic",,88,POSITIVE,52,NEGATIVE,
14224,E=mc²,,ok,https://www.rottentomatoes.com/m/e_mc2,E=MC2,,,,,,
14263,Hip-Hop: Beyond Beats & Rhymes,,ok,https://www.rottentomatoes.com/m/hip_hop_beyond_beats_and_rhymes,Beyond Beats and Rhymes: A Hip-Hop Head Weighs in on Manhood in Hip-Hop Culture,,,,71,POSITIVE,
14265,Hip Hop Legends,,ok,https://www.rottentomatoes.com/m/black_and_blue_legends,Black and Blue: Legends of the Hip-Hop Cop,,,,,,R
14276,A Lawyer Walks Into a Bar...,,ok,https://www.rottentomatoes.com/m/a_lawyer_walks_into_a_bar,Girl Walks Into a Bar,,,,66,POSITIVE,R
14296,Of Penguins and Men,,ok,https://www.rottentomatoes.com/m/1040322-of_mice_and_men,Of Mice and Men,,97,POSITIVE,82,POSITIVE,PG-13
14297,Root of All Evil?,,ok,https://www.rottentomatoes.com/m/finders_keepers_the_root_of_all_evil_2013,Finders Keepers: The Root of All Evil (2013),,,,,,
14308,I Am Trying to Break Your Heart: A Film About Wilco,,ok,https://www.rottentomatoes.com/m/i_am_trying_to_break_your_heart,I Am Trying to Break Your Heart,,90,POSITIVE,90,POSITIVE,
14329,Fia og klovnene,,ok,https://www.rottentomatoes.com/m/they_call_him_og,They Call Him OG,,,,85,POSITIVE,
14348,An Evening with Kevin Smith,,ok,https://www.rottentomatoes.com/m/an-evening-with-kevin-smith,An Evening with Kevin Smith 2: Evening Harder,,100,POSITIVE,92,POSITIVE,
14350,The Wiggles: You Make Me Feel Like Dancing,,ok,https://www.rottentomatoes.com/m/you_make_me_feel_so_young_2014,You Make Me Feel So Young,,,,,,
14352,The Wiggles: Wiggle Bay,,ok,https://www.rottentomatoes.com/m/the_bay_2012,The Bay (2012),,75,POSITIVE,44,NEGATIVE,R
14357,The King of Ping Pong,,ok,https://www.rottentomatoes.com/m/fact_or_fiction_the_life_and_times_of_a_ping_pong_hustler,Fact or Fiction: The Life and Times of a Ping Pong Hustler,,,,,,
14375,Romanzo Criminale,,ok,https://www.rottentomatoes.com/m/crime_novel,Crime Novel,,53,NEGATIVE,85,POSITIVE,
14393,Double Pack,,ok,https://www.rottentomatoes.com/m/double_parked,Double Parked,,14,NEGATIVE,45,NEGATIVE,
14399,Killing Cabos,,ok,https://www.rottentomatoes.com/m/how_to_make_a_killing_2026,How to Make a Killing (2026),,45,NEGATIVE,76,POSITIVE,R
14400,The Heir Apparent: Largo Winch,,ok,https://www.rottentomatoes.com/m/the_heir_apparent_largo_winch,Largo Winch,,47,NEGATIVE,49,NEGATIVE,
14402,Beauties at War,,ok,https://www.rottentomatoes.com/m/guerre_des_miss,La Guerre des Miss,,,,,,
14403,A Man and His Dog,,ok,https://www.rottentomatoes.com/m/man-and-his-dog,Man and His Dog (Un homme et son chien),,,,37,NEGATIVE,
14408,Me Two,,ok,https://www.rottentomatoes.com/m/la_personne_aux_deux_personne,La Personne aux Deux Personnes (The Person Who Is Two Persons) (Me Two),,,,40,NEGATIVE,
14419,Coluche,,ok,https://www.rottentomatoes.com/m/coluche_lhistoire_dun_mec,"Coluche, l'histoire d'un mec",,,,25,NEGATIVE,
14427,Winter Break,,ok,https://www.rottentomatoes.com/m/winter_break,Snow Job,,,,38,NEGATIVE,R
14432,The Secret,,ok,https://www.rottentomatoes.com/m/the_secret_agent_2025,The Secret Agent (2025),,98,POSITIVE,82,POSITIVE,R
14445,Michael Madana Kama Rajan,,ok,https://www.rottentomatoes.com/m/michael_madana_kamarajan,Michael Madana Kamarajan,,,,,,
14446,Ett enklare liv,,ok,https://www.rottentomatoes.com/m/mishima_a_life_in_four_chapters,Mishima: A Life in Four Chapters,,79,POSITIVE,90,POSITIVE,R
14463,Alone in the Wilderness,,ok,https://www.rottentomatoes.com/m/against_the_wild,Against the Wild,,,,31,NEGATIVE,PG
14469,Bullet,,ok,https://www.rottentomatoes.com/m/bullet_train_2022,Bullet Train (2022),,53,NEGATIVE,76,POSITIVE,R
14472,The Sickhouse,,ok,https://www.rottentomatoes.com/m/the_sickhouse,The Sick House,,,,21,NEGATIVE,
14478,Adventures of Ali-Baba and the Forty Thieves,,ok,https://www.rottentomatoes.com/m/alibaba-aur-40-chor-adventures-of-alibaba-and-the-forty-thieves,Alibaba Aur 40 Chor,,,,,,
14479,The Flying Ship,,ok,https://www.rottentomatoes.com/m/fool_of_the_world_and_the_flying_ship,Fool of the World and the Flying Ship,,,,100,POSITIVE,
14482,Golden Horns,,ok,https://www.rottentomatoes.com/m/the_gold_of_valhalla,The Gold of Valhalla,,,,,,
14483,The Doctor's Pupil,,ok,https://www.rottentomatoes.com/m/jfk_what_the_doctors_saw,JFK: What the Doctors Saw,,,,86,POSITIVE,
14486,New Adventures of Puss in Boots,,ok,https://www.rottentomatoes.com/m/the_new_adventures_of_adam_and_marky_in_herobrine_is_watching,The New Adventures of Adam and Marky in Herobrine is Watching,,,,,,
14487,Granddaughter of Ice,,ok,https://www.rottentomatoes.com/m/apocalypse_of_ice,Apocalypse of Ice,,,,9,NEGATIVE,
14491,Scheherazade's 1002nd Night,,ok,https://www.rottentomatoes.com/m/propeller_one_way_night_coach,Propeller One-Way Night Coach,,51,NEGATIVE,66,POSITIVE,
14497,"Through Fire, Water and... Brass Pipes",,ok,https://www.rottentomatoes.com/m/water_and_fire,Water and Fire,,,,78,POSITIVE,
14498,A Fairy Tale Told at Night,,ok,https://www.rottentomatoes.com/m/a_fairy_tale_after_all,A Fairy Tale After All,,,,92,POSITIVE,
14512,Lisa Lampanelli: The Queen of Mean,,ok,https://www.rottentomatoes.com/m/leona_helmsley_the_queen_of_mean,Leona Helmsley: The Queen of Mean,,,,,,TV-PG
14542,Jeff Dunham: Arguing with Myself,,ok,https://www.rottentomatoes.com/m/jeff-dunham-arguing-with-myself2005,At Home by Myself ... With You,,,,67,POSITIVE,
14558,Ladies,,ok,https://www.rottentomatoes.com/m/ladies_first_2026,Ladies First (2026),,26,NEGATIVE,64,POSITIVE,R
14569,I-See-You.com,,ok,https://www.rottentomatoes.com/m/i_see_youcom,I See You.com,,,,30,NEGATIVE,
14574,The Boy in the Striped Pyjamas,,ok,https://www.rottentomatoes.com/m/boy_in_the_striped_pajamas,The Boy in the Striped Pajamas,,65,POSITIVE,84,POSITIVE,PG-13
14581,91 Words for Snow,,ok,https://www.rottentomatoes.com/m/cold_enough_for_snow,Cold Enough for Snow,,,,,,
14583,Deceiver,,ok,https://www.rottentomatoes.com/m/the_great_deceiver_2020,The Great Deceiver (2020),,,,33,NEGATIVE,
14611,Ultimate Avengers 2,,ok,https://www.rottentomatoes.com/m/ultimate_avengers_ii,Ultimate Avengers 2: Rise of the Panther,,,,51,NEGATIVE,PG-13
14632,South West 9,,ok,https://www.rottentomatoes.com/m/south_west_9,South West Nine,,,,60,POSITIVE,
14633,Ten,,ok,https://www.rottentomatoes.com/m/shang_chi_and_the_legend_of_the_ten_rings,Shang-Chi and the Legend of the Ten Rings,,92,POSITIVE,98,POSITIVE,PG-13
14641,Homo Erectus,,ok,https://www.rottentomatoes.com/m/national_lampoons_homo_erectus,National Lampoon's Homo Erectus,,17,NEGATIVE,10,NEGATIVE,R
14645,Santa Claus Is a Stinker,,ok,https://www.rottentomatoes.com/m/le-pere-noel-est-une-orduresanta-claus-is-a-louse,Le Pere Noel est une Ordure,,,,93,POSITIVE,
14649,Have Mercy on Us All,,ok,https://www.rottentomatoes.com/m/pars_vite_et_reviens_tard,Pars vite et reviens tard,,,,39,NEGATIVE,
14654,In Paris,,ok,https://www.rottentomatoes.com/m/midnight_in_paris,Midnight in Paris,,93,POSITIVE,83,POSITIVE,PG-13
14657,The King of the Hill,,ok,https://www.rottentomatoes.com/m/1046045-king_of_the_hill,King of the Hill,,91,POSITIVE,84,POSITIVE,PG-13
14658,Circle One,,ok,https://www.rottentomatoes.com/m/metti-una-sera-a-cena-love-circle-one-night-at-dinner,"Metti una sera a cena (Love Circle, One Night at Dinner)",,,,,,
14659,"Mes amis, mes amours",,ok,https://www.rottentomatoes.com/m/london-mon-amour-mes-amis-mes-amours,London mon amour,,71,POSITIVE,41,NEGATIVE,
14704,Donkey X,,ok,https://www.rottentomatoes.com/m/donkey_x,Donkey Xote,,,,16,NEGATIVE,PG
14712,Getaway in Stockholm 1,,ok,https://www.rottentomatoes.com/m/hole_in_one,Hole in One,,,,8,NEGATIVE,
14714,Getaway in Stockholm 2,,ok,https://www.rottentomatoes.com/m/comidark_films_in_between,Comidark Films: In Between,,,,,,
14715,Getaway in Stockholm 3,,ok,https://www.rottentomatoes.com/m/agatha_christies_murder_in_three_acts,Murder in Three Acts,,,,40,NEGATIVE,TV-PG
14716,Getaway in Stockholm 4,,ok,https://www.rottentomatoes.com/m/mishima_a_life_in_four_chapters,Mishima: A Life in Four Chapters,,79,POSITIVE,90,POSITIVE,R
14718,Getaway in Stockholm 5,,ok,https://www.rottentomatoes.com/m/jane_fonda_in_five_acts,Jane Fonda in Five Acts,,97,POSITIVE,90,POSITIVE,
14720,All About Actresses,,ok,https://www.rottentomatoes.com/m/bal_des_actrices,The Actress' Ball,,,,58,NEGATIVE,
14721,Getaway in Stockholm 6,,ok,https://www.rottentomatoes.com/m/60_dates_in_6_months,60 Dates in 6 Months,,,,,,
14722,Getaway in Stockholm 7,,ok,https://www.rottentomatoes.com/m/while_the_green_grass_grows_a_diary_in_seven_parts,While the Green Grass Grows: A Diary in Seven Parts,,,,,,
14723,Getaway in Stockholm 8,,ok,https://www.rottentomatoes.com/m/shania_a_life_in_eight_albums,Shania: A Life in Eight Albums,,,,,,
14724,Getaway in Stockholm 9,,ok,https://www.rottentomatoes.com/m/swedishkayt_yidlife_crisis_in_stockholm,Swedishkayt: YidLife Crisis in Stockholm,,,,,,
14728,The Librarian: The Curse of the Judas Chalice,,ok,https://www.rottentomatoes.com/m/the-librarian-the-curse-of-the-judas-chalice,The Librarian: Curse of the Judas Chalice,,,,56,NEGATIVE,TV-PG
14733,Bill Hicks: Sane Man,,ok,https://www.rottentomatoes.com/m/american-the-bill-hicks-story,American: The Bill Hicks Story,,84,POSITIVE,86,POSITIVE,
14752,Dil Chahta Hai,,ok,https://www.rottentomatoes.com/m/dil-chahta-hai,Dil Chahtha Hain,,100,POSITIVE,94,POSITIVE,
14769,Redemption: A Mile from Hell,,ok,https://www.rottentomatoes.com/m/a_mile_from_home,A Mile From Home,,,,,,
14790,Michael McIntyre: Live & Laughing,,ok,https://www.rottentomatoes.com/m/to_live_and_die_in_washington_dc,To Live and Die in Washington D.C.,,,,,,
14791,Two Worlds,,ok,https://www.rottentomatoes.com/m/along_with_the_gods_the_two_worlds,Along With the Gods: The Two Worlds,,70,POSITIVE,84,POSITIVE,
14794,if....,,ok,https://www.rottentomatoes.com/m/if_i_had_legs_id_kick_you,If I Had Legs I'd Kick You,,92,POSITIVE,79,POSITIVE,R
14808,Battle of the Warriors,,ok,https://www.rottentomatoes.com/m/1215113-battle_of_wits,A Battle of Wits,,,,72,POSITIVE,R
14810,Murder.com,,ok,https://www.rottentomatoes.com/m/murdercom,A Date With Murder,,,,,,R
14825,G.P.S.,,ok,https://www.rottentomatoes.com/m/gps_the_movie,GPS: The Movie,,,,40,NEGATIVE,R
14829,Tenchi Forever!,,ok,https://www.rottentomatoes.com/m/tenchi-muyo-manatsu-no-eve-tenchi-the-movie-2-the-daughter-of-darknesstenchi-muyo-midsummers,Tenchi Muyo 3,,,,70,POSITIVE,
14835,Bears,,ok,https://www.rottentomatoes.com/m/bad_news_bears,Bad News Bears,,48,NEGATIVE,46,NEGATIVE,PG-13
14865,Irene Huss 4: Glasdjävulen,,ok,https://www.rottentomatoes.com/m/irene_huss_the_man_with_the_small_face,Irene Huss: The Man with the Small Face,,,,,,
14880,Irene Huss 3: The Night Round,,ok,https://www.rottentomatoes.com/m/irene_huss_the_man_with_the_small_face,Irene Huss: The Man with the Small Face,,,,,,
14889,Jakt och Fiske,,ok,https://www.rottentomatoes.com/m/hans-och-hennes-his-and-hers-making-babies,Hans och hennes (His and Hers) (Making Babies),,,,37,NEGATIVE,
14895,Roskilde,,ok,https://www.rottentomatoes.com/m/strong_medicine,Strong Medicine,,,,,,
14910,Mio,,ok,https://www.rottentomatoes.com/m/solo_mio,Solo Mio,,82,POSITIVE,95,POSITIVE,PG
14928,The Secrets,,ok,https://www.rottentomatoes.com/m/fantastic_beasts_the_secrets_of_dumbledore,Fantastic Beasts: The Secrets of Dumbledore,,46,NEGATIVE,83,POSITIVE,PG-13
14943,Crows Zero,,ok,https://www.rottentomatoes.com/m/kurozu-zero-ii,Crows Zero II,,,,77,POSITIVE,
15007,Number Seventeen,,ok,https://www.rottentomatoes.com/m/number_17,Number 17,,73,POSITIVE,22,NEGATIVE,
15010,West,,ok,https://www.rottentomatoes.com/m/west_side_story_2021,West Side Story (2021),,91,POSITIVE,93,POSITIVE,PG-13
15011,Red Mist,,ok,https://www.rottentomatoes.com/m/the_ballad_of_billy_mccrae,The Ballad of Billy McCrae,,,,,,
15015,Barbie as Rapunzel,,ok,https://www.rottentomatoes.com/m/barbie-as-rapunzel,Barbie Rapunzel,,,,68,POSITIVE,
15023,Park,,ok,https://www.rottentomatoes.com/m/jurassic_park,Jurassic Park,,91,POSITIVE,91,POSITIVE,PG-13
15025,Projekt Gold,,ok,https://www.rottentomatoes.com/m/spinning_boris,Spinning Boris,,,,55,NEGATIVE,R
15054,A Perfect Place,,ok,https://www.rottentomatoes.com/m/a_picture_perfect_holiday,A Picture Perfect Holiday,,,,,,
15062,Collective Soul - Home,,ok,https://www.rottentomatoes.com/m/purple_noon_1961,Purple Noon,,92,POSITIVE,92,POSITIVE,PG-13
15064,Show: A Night In The Life of Matchbox Twenty,,ok,https://www.rottentomatoes.com/m/night_in_the_life_of_jimmy_reardon,A Night in the Life of Jimmy Reardon,,38,NEGATIVE,41,NEGATIVE,R
15065,Mit sechzehn bin ich weg,,ok,https://www.rottentomatoes.com/m/im_off_then,I'm Off Then,,,,,,
15072,Perfect moment - L'aventure continue,,ok,https://www.rottentomatoes.com/m/perfect_moment_the_contact,Perfect Moment - The Contact,,,,,,
15077,Election 2,,ok,https://www.rottentomatoes.com/m/election_2,Triad Election,,96,POSITIVE,81,POSITIVE,
15086,La Patinoire,,ok,https://www.rottentomatoes.com/m/the_ice_rink,The Ice Rink,,,,62,POSITIVE,
15088,The Cutting Edge: Chasing the Dream,,ok,https://www.rottentomatoes.com/m/cutting_edge_chasing_the_dream,The Cutting Edge 3: Chasing the Dream,,,,64,POSITIVE,PG-13
15091,Korn: Live At Montreux 2004,,ok,https://www.rottentomatoes.com/m/phil_collins_live_at_montreux_2004,Phil Collins: Live at Montreux 2004,,,,,,
15097,Fear City: A Family-Style Comedy,,ok,https://www.rottentomatoes.com/m/la_cite_de_la_peur,La Cite de la peur,,,,95,POSITIVE,
15105,Still Waiting...,,ok,https://www.rottentomatoes.com/m/still_a_michael_j_fox_movie,Still: A Michael J. Fox Movie,,99,POSITIVE,95,POSITIVE,R
15106,Blue Man Group - How to Be a Megastar Live!,,ok,https://www.rottentomatoes.com/m/how_to_be_a_man,How to Be a Man,,,,64,POSITIVE,
15111,All Day Every Day,,ok,https://www.rottentomatoes.com/m/love_sick_open_all_day_every_night,"Love Sick: Open All Day, Every Night",,,,,,
15112,It's Always Snowing Somewhere,,ok,https://www.rottentomatoes.com/m/its_always_fair_weather,It's Always Fair Weather,,91,POSITIVE,74,POSITIVE,
15114,Double Decade,,ok,https://www.rottentomatoes.com/m/1093614-double_jeopardy,Double Jeopardy,,28,NEGATIVE,61,POSITIVE,R
15115,Down With People,,ok,https://www.rottentomatoes.com/m/down_with_love,Down With Love,,60,POSITIVE,62,POSITIVE,PG-13
15116,For Right Or Wrong,,ok,https://www.rottentomatoes.com/m/nihon_ansatsu_hiroku,Nihon Ansatsu Hiroku,,,,,,
15117,Realtime,,ok,https://www.rottentomatoes.com/m/kamen_rider_zero_one_realxtime,Kamen Rider Zero-One: REAL×TIME,,,,,,
15118,The Journal,,ok,https://www.rottentomatoes.com/m/the_journals_of_knud_rasmussen,The Journals of Knud Rasmussen,,80,POSITIVE,75,POSITIVE,
15147,Storm,,ok,https://www.rottentomatoes.com/m/storm_rider_legend_of_hammerhead,Storm Rider: Legend of Hammerhead,,38,NEGATIVE,80,POSITIVE,
15155,G,,ok,https://www.rottentomatoes.com/m/girls_like_girls,Girls Like Girls,,86,POSITIVE,89,POSITIVE,R
15168,Little David Presents Bible Songs,,ok,https://www.rottentomatoes.com/m/charlton-heston-presents-the-bible,Charlton Heston Presents: The Bible,,,,100,POSITIVE,
15169,Bibleman Powersource: Tuning Out the Unholy Hero,,ok,https://www.rottentomatoes.com/m/the_spongebob_movie_sponge_out_of_water,The SpongeBob Movie: Sponge Out of Water,,80,POSITIVE,54,NEGATIVE,PG
15188,Monster Thursday,,ok,https://www.rottentomatoes.com/m/monstertorsdag-monsterthursday,Monsterthursday,,,,59,NEGATIVE,
15200,Demandez la permission aux enfants !,,ok,https://www.rottentomatoes.com/m/demandez_la_permission_aux_enfants,Kid Power,,,,31,NEGATIVE,
15206,The Mother of Tears,,ok,https://www.rottentomatoes.com/m/mother_of_tears_the_third_mother,Mother of Tears,,47,NEGATIVE,27,NEGATIVE,R
15208,Bathory: Countess of Blood,,ok,https://www.rottentomatoes.com/m/10009153-bathory,Bathory,,,,50,NEGATIVE,R
15210,Coronation Street: Out of Africa,,ok,https://www.rottentomatoes.com/m/out_of_africa,Out of Africa,,62,POSITIVE,82,POSITIVE,PG
15227,Galaxy Express 999: The Movie,,ok,https://www.rottentomatoes.com/m/milkysubway_the_galactic_limited_express_movie,Milky☆Subway: The Galactic Limited Express - The Movie,,,,,,
15254,Antarctica: An Adventure of a Different Nature,,ok,https://www.rottentomatoes.com/m/imax_antarctica_an_adventure_of_a_different_nature,Antarctica,,,,46,NEGATIVE,
15257,Hulk vs. Wolverine,,ok,https://www.rottentomatoes.com/m/hulk_vs,Hulk Vs.,,100,POSITIVE,68,POSITIVE,PG-13
15273,The Woman in My Life,,ok,https://www.rottentomatoes.com/m/the_men_in_my_life,All the Men in My Life,,,,,,
15279,Mexico,,ok,https://www.rottentomatoes.com/m/mexico_86_2026,Mexico 86 (2026),,64,POSITIVE,,,
15280,OstPunk! Too much Future,,ok,https://www.rottentomatoes.com/m/do_not_expect_too_much_from_the_end_of_the_world,Do Not Expect Too Much from the End of the World,,96,POSITIVE,71,POSITIVE,
15284,Udon,,ok,https://www.rottentomatoes.com/m/u_dont_know_me,U Don't Know Me,,,,,,
15290,SuicideGirls: The First Tour,,ok,https://www.rottentomatoes.com/m/zerobaseone_the_first_tour_timeless_world,ZEROBASEONE The First Tour [Timeless World],,,,,,
15294,WordWorld: Rocket to the Moon,,ok,https://www.rottentomatoes.com/m/cat_women_of_the_moon,Cat-Women of the Moon,,40,NEGATIVE,32,NEGATIVE,
15298,WordWorld: The Race to Mystery Island,,ok,https://www.rottentomatoes.com/m/fame_at_a_deadly_cost,Fame at a Deadly Cost,,,,,,TV-14
15299,WordWorld: Welcome to Word World,,ok,https://www.rottentomatoes.com/m/welcome_to_my_world,Welcome to My World,,,,,,
15303,Frozen Stiff,,ok,https://www.rottentomatoes.com/m/ghostbusters_frozen_empire,Ghostbusters: Frozen Empire,,41,NEGATIVE,81,POSITIVE,PG-13
15322,I.D.,,ok,https://www.rottentomatoes.com/m/if_i_had_legs_id_kick_you,If I Had Legs I'd Kick You,,92,POSITIVE,79,POSITIVE,R
15323,Steal This Film II,,ok,https://www.rottentomatoes.com/m/steal_this_story_please,"Steal This Story, Please!",,96,POSITIVE,,,
15324,Steal This Film,,ok,https://www.rottentomatoes.com/m/steal_this_movie,Steal This Movie,,52,NEGATIVE,70,POSITIVE,R
15352,Dying or Feeling Better,,ok,https://www.rottentomatoes.com/m/dying_or_live,Dying Or Live,,,,,,
15362,Mesrine: Public Enemy #1,,ok,https://www.rottentomatoes.com/m/mesrine_public_enemy_1,Mesrine: Part II - Public Enemy 1,,81,POSITIVE,82,POSITIVE,R
15368,2012: Science or Superstition,,ok,https://www.rottentomatoes.com/m/everything_or_nothing_2012,Everything or Nothing: The Untold Story of 007 (2012),,100,POSITIVE,86,POSITIVE,
15372,Jimmy Carr: Comedian,,ok,https://www.rottentomatoes.com/m/jimmy_carr_natural_born_killer,Jimmy Carr: Natural Born Killer,,,,42,NEGATIVE,
15377,All the World's Memory,,ok,https://www.rottentomatoes.com/m/toute-la-beaute-du-monde,All the World's Memories,,,,72,POSITIVE,
15386,Currency and Peace,,ok,https://www.rottentomatoes.com/m/fall,Fall,,79,POSITIVE,79,POSITIVE,PG-13
15388,Black Barons,,ok,https://www.rottentomatoes.com/m/the_black_barons,The Black Barons,,,,,,
15398,Inside,,ok,https://www.rottentomatoes.com/m/inside_man,Inside Man,,86,POSITIVE,85,POSITIVE,R
15416,Clarkson: Heaven and Hell,,ok,https://www.rottentomatoes.com/m/bangkok_breaking_heaven_and_hell,Bangkok Breaking: Heaven and Hell,,,,,,
15429,Jimmy Carr: In Concert,,ok,https://www.rottentomatoes.com/m/epic_elvis_presley_in_concert,EPiC: Elvis Presley in Concert,,97,POSITIVE,98,POSITIVE,PG-13
15432,Frank Skinner: Stand-Up,,ok,https://www.rottentomatoes.com/m/alex_calleja_past_is_past,Alex Calleja: Past Is Past,,,,,,
15440,Cold Prey II,,ok,https://www.rottentomatoes.com/m/fritt-vilt-ii,Cold Prey 2,,,,53,NEGATIVE,
15449,Don't Die Too Hard!,,ok,https://www.rottentomatoes.com/m/good_luck_have_fun_dont_die,"Good Luck, Have Fun, Don't Die",,82,POSITIVE,84,POSITIVE,R
15456,Intrusions,,ok,https://www.rottentomatoes.com/m/intrusion_2021,Intrusion (2021),,19,NEGATIVE,57,NEGATIVE,
15463,Shortcut to Justice,,ok,https://www.rottentomatoes.com/m/shortcut_to_happiness,Shortcut to Happiness,,,,43,NEGATIVE,PG-13
15467,Kismat Konnection,,ok,https://www.rottentomatoes.com/m/1200545-kismat_konnection,Kismet Connection,,,,38,NEGATIVE,
15468,"Spy, Stand Up",,ok,https://www.rottentomatoes.com/m/stand_up_guys,Stand Up Guys,,37,NEGATIVE,46,NEGATIVE,R
15473,LD 50 Lethal Dose,,ok,https://www.rottentomatoes.com/m/lethal_dose,LD 50,,,,28,NEGATIVE,R
15476,Dead Tone,,ok,https://www.rottentomatoes.com/m/7eventy-5ive,7eventy 5ive,,,,28,NEGATIVE,R
15480,Müllers Büro,,ok,https://www.rottentomatoes.com/m/were_the_millers,We're the Millers,,48,NEGATIVE,77,POSITIVE,R
15484,Shadows,,ok,https://www.rottentomatoes.com/m/the_shadows_edge,The Shadow's Edge,,82,POSITIVE,97,POSITIVE,
15494,Starflight: The Plane That Couldn't Land,,ok,https://www.rottentomatoes.com/m/starflight_one,Starflight One,,,,21,NEGATIVE,
15504,Aasma: The Sky Is the Limit,,ok,https://www.rottentomatoes.com/m/aasma-sky-is-the-limit,Aasma,,,,,,
15505,HDNet Fights: Furious Finishes,,ok,https://www.rottentomatoes.com/m/the_furious_2025,The Furious (2025),,97,POSITIVE,95,POSITIVE,R
15508,HDNet Fights: IFL 2008-05-16,,ok,https://www.rottentomatoes.com/m/my_sweet_fucking_sixteen,My Sweet Fucking Sixteen,,,,,,
15509,HDNet Fights: IFL 04 04 2008,,ok,https://www.rottentomatoes.com/m/southland_tales,Southland Tales,,41,NEGATIVE,41,NEGATIVE,R
15510,Rage Against The Machine: The Battle Of Mexico City,,ok,https://www.rottentomatoes.com/m/the_pink_indian_against_the_invisible_beast,The Pink Indian Against the Invisible Beast: The Battle of Noel Nutels,,,,,,
15520,Portishead: Roseland New York,,ok,https://www.rottentomatoes.com/m/king_of_new_york,King of New York,,74,POSITIVE,77,POSITIVE,R
15532,Ek Vivaah… Aisa Bhi,,ok,https://www.rottentomatoes.com/m/ek-vivaah-aisa-bhi,Ek Vivaah... Aisa Bhi,,,,64,POSITIVE,
15536,Deadline Torp,,ok,https://www.rottentomatoes.com/m/1217153-deadline,Deadline,,,,20,NEGATIVE,R
15537,The Olsen Gang Long Gone,,ok,https://www.rottentomatoes.com/m/the_olsen_gang_runs_amok,The Olsen Gang Runs Amok,,,,,,
15539,The Olsen Gang Jumps the Fence,,ok,https://www.rottentomatoes.com/m/the_olsen_gang_on_the_track,The Olsen Gang on the Track,,,,,,
15546,Cirque du Soleil: Quidam,,ok,https://www.rottentomatoes.com/m/cirque_du_soleil_worlds_away,Cirque du Soleil: Worlds Away,,43,NEGATIVE,93,POSITIVE,PG
15548,Cirque du Soleil: Dralion,,ok,https://www.rottentomatoes.com/m/cirque_du_soleil_worlds_away,Cirque du Soleil: Worlds Away,,43,NEGATIVE,93,POSITIVE,PG
15549,Cirque du Soleil: Alegria,,ok,https://www.rottentomatoes.com/m/cirque_du_soleil_worlds_away,Cirque du Soleil: Worlds Away,,43,NEGATIVE,93,POSITIVE,PG
15550,Cirque du Soleil: Saltimbanco,,ok,https://www.rottentomatoes.com/m/cirque_du_soleil_worlds_away,Cirque du Soleil: Worlds Away,,43,NEGATIVE,93,POSITIVE,PG
15551,Cirque du Soleil: Corteo,,ok,https://www.rottentomatoes.com/m/cirque_du_soleil_worlds_away,Cirque du Soleil: Worlds Away,,43,NEGATIVE,93,POSITIVE,PG
15552,Cirque du Soleil: Varekai,,ok,https://www.rottentomatoes.com/m/cirque_du_soleil_worlds_away,Cirque du Soleil: Worlds Away,,43,NEGATIVE,93,POSITIVE,PG
15554,The Triumph of the Nerds: The Rise of Accidental Empires,,ok,https://www.rottentomatoes.com/m/revenge_of_the_nerds_iii_the_next_generation,Revenge of the Nerds III: The Next Generation,,,,22,NEGATIVE,TV-14
15575,Bleach the Movie: Memories of Nobody,,ok,https://www.rottentomatoes.com/m/bleach-memories-of-nobody,Bleach: Memories of Nobody,,,,87,POSITIVE,
15576,Bellamy,,ok,https://www.rottentomatoes.com/m/1221011-bellamy,Inspector Bellamy,,88,POSITIVE,36,NEGATIVE,
15578,Rally Chicks,,ok,https://www.rottentomatoes.com/m/a_really_important_person,A Really Important Person,,,,,,
15583,Nine Inch Nails: Beside You in Time,,ok,https://www.rottentomatoes.com/m/nine_inch_nails_closure,Nine Inch Nails: Closure,,,,94,POSITIVE,
15585,The Barry Sheene Story,,ok,https://www.rottentomatoes.com/m/barry_munday,Barry Munday,,47,NEGATIVE,37,NEGATIVE,R
15590,The Prince & Me 2: The Royal Wedding,,ok,https://www.rottentomatoes.com/m/the_prince_and_me_2,The Prince & Me 2,,,,30,NEGATIVE,PG
15599,Armin Only: Ahoy' 2006,,ok,https://www.rottentomatoes.com/m/armin_only_mirage,Armin Only: Mirage,,,,,,
15616,Private Valentine: Blonde & Dangerous,,ok,https://www.rottentomatoes.com/m/private_valentine_blonde_and_dangerous,Major Movie Star,,,,38,NEGATIVE,PG-13
15625,Ça se soigne ?,,ok,https://www.rottentomatoes.com/m/two_can_play_that_game,Two Can Play That Game,,40,NEGATIVE,83,POSITIVE,R
15638,Ultimate Heist,,ok,https://www.rottentomatoes.com/m/le-premier-cercle,Inside Ring,,,,26,NEGATIVE,R
15670,Madea Goes to Jail,,ok,https://www.rottentomatoes.com/m/madea_goes_to_jail,Tyler Perry's Madea Goes to Jail,,27,NEGATIVE,95,POSITIVE,PG-13
15681,Ex,,ok,https://www.rottentomatoes.com/m/exit_8_2025,Exit 8 (2025),,92,POSITIVE,86,POSITIVE,PG-13
15683,Riccardo III,,ok,https://www.rottentomatoes.com/m/1068177-richard_iii,Richard III,,96,POSITIVE,85,POSITIVE,R
15700,Celine in Las Vegas... Opening Night Live!,,ok,https://www.rottentomatoes.com/m/jennifer_lopez_up_all_night_live_in_las_vegas,Jennifer Lopez: Up All Night Live in Las Vegas,,,,,,
15711,The Lost,,ok,https://www.rottentomatoes.com/m/the_lost_bus,The Lost Bus,,87,POSITIVE,95,POSITIVE,R
15713,The First Star,,ok,https://www.rottentomatoes.com/m/the_first_wave_2008,The First Wave (2008),,,,,,
15718,Garfield's Halloween Adventure,,ok,https://www.rottentomatoes.com/m/the_garfield_movie,The Garfield Movie,,36,NEGATIVE,79,POSITIVE,PG
15722,Sherlock Holmes and the Case of the Silk Stocking,,ok,https://www.rottentomatoes.com/m/sherlock-holmes-and-the-case-of-the-silk-stocking,The Return of Sherlock Holmes,,,,61,POSITIVE,
15733,Vince Neil's Girls Girls Girls,,ok,https://www.rottentomatoes.com/m/1008358-girls_girls_girls,Girls! Girls! Girls!,,33,NEGATIVE,49,NEGATIVE,PG
15744,The Witchblade,,ok,https://www.rottentomatoes.com/m/the-cross-and-the-switchblade,The Cross and the Switchblade,,,,72,POSITIVE,PG
15745,Made,,ok,https://www.rottentomatoes.com/m/american_made_2017,American Made (2017),,85,POSITIVE,79,POSITIVE,R
15755,Bugs!,,ok,https://www.rottentomatoes.com/m/a_bugs_life,A Bug's Life,,92,POSITIVE,73,POSITIVE,G
15761,Company,,ok,https://www.rottentomatoes.com/m/oliver_and_company,Oliver & Company,,52,NEGATIVE,62,POSITIVE,G
15766,"Ghidorah, the Three-Headed Monster",,ok,https://www.rottentomatoes.com/m/ghidorah_the_three_headed_monster,"Ghidrah, the Three-Headed Monster",,77,POSITIVE,59,NEGATIVE,
15770,Born to Defence,,ok,https://www.rottentomatoes.com/m/born-to-defense,Born to Defense,,,,54,NEGATIVE,R
15803,Multi-Facial,,ok,https://www.rottentomatoes.com/m/multi_film,Multi-Film,,,,80,POSITIVE,
15811,Spion van Oranje,,ok,https://www.rottentomatoes.com/m/spion-van-oranje,Spy of Orange,,,,14,NEGATIVE,
15815,1:1,,ok,https://www.rottentomatoes.com/m/fear_street_part_one_1994,Fear Street Part One: 1994,,84,POSITIVE,63,POSITIVE,R
15829,Biblen,,ok,https://www.rottentomatoes.com/m/the_bible,The Bible,,33,NEGATIVE,55,NEGATIVE,
15836,The Black Madonna,,ok,https://www.rottentomatoes.com/m/end_of_the_line_the_women_of_standing_rock,End of the Line: The Women of Standing Rock,,100,POSITIVE,,,
15845,A Soap,,ok,https://www.rottentomatoes.com/m/satan_place_a_soap_opera_from_hell,Satan Place: A Soap Opera From Hell,,,,,,
15847,Generation Model,,ok,https://www.rottentomatoes.com/m/jet_generation,Jet Generation,,,,,,
15848,Kangaroos: Faces in the Mob,,ok,https://www.rottentomatoes.com/m/faces_in_the_crowd,Faces in the Crowd,,0,NEGATIVE,34,NEGATIVE,R
15864,Bachna Ae Haseeno,,ok,https://www.rottentomatoes.com/m/bachna_ae_haseeno,Detours of Love,,63,POSITIVE,56,NEGATIVE,
15894,See you in Vegas,,ok,https://www.rottentomatoes.com/m/ill_see_you_in_my_dreams,I'll See You in My Dreams,,93,POSITIVE,68,POSITIVE,PG-13
15901,Faces of Death III,,ok,https://www.rottentomatoes.com/m/faces_of_death_2026,Faces of Death (2026),,69,POSITIVE,64,POSITIVE,R
15902,Faces of Death IV,,ok,https://www.rottentomatoes.com/m/faces_of_death_4,Faces of Death 4,,,,,,
15908,Verführung in 6 Gängen,,ok,https://www.rottentomatoes.com/m/60_dates_in_6_months,60 Dates in 6 Months,,,,,,
15913,A World of Ours,,ok,https://www.rottentomatoes.com/m/seeking_a_friend_for_the_end_of_the_world,Seeking a Friend for the End of the World,,54,NEGATIVE,53,NEGATIVE,R
15921,Starko!,,ok,https://www.rottentomatoes.com/m/clara_1999,Clara (1999),,,,,,
15928,Fidibus,,ok,https://www.rottentomatoes.com/m/fidibus,Easy Skanking,,,,38,NEGATIVE,
15934,El Cantante,,ok,https://www.rottentomatoes.com/m/wedding_singer,The Wedding Singer,,72,POSITIVE,80,POSITIVE,PG-13
15959,How to Get Rid of the Others,,ok,https://www.rottentomatoes.com/m/how_to_get_rid_of_the_others_2007,How to Get Rid of Others (2007),,,,64,POSITIVE,
15965,Danish Dynamite,,ok,https://www.rottentomatoes.com/m/a_house_of_dynamite,A HOUSE OF DYNAMITE,,75,POSITIVE,77,POSITIVE,R
15977,Dev.D,,ok,https://www.rottentomatoes.com/m/1121720-devdas,Devdas,,86,POSITIVE,88,POSITIVE,
15986,Provoked: A True Story,,ok,https://www.rottentomatoes.com/m/provoked_a_true_story,Provoked,,28,NEGATIVE,70,POSITIVE,
15993,Gen¹³,,ok,https://www.rottentomatoes.com/m/gen-13,Gen 13,,,,83,POSITIVE,
15999,Vampire Hunter D: Bloodlust,,ok,https://www.rottentomatoes.com/m/vampire_hunter_d_bloodlust,Vampire Hunter D,,71,POSITIVE,86,POSITIVE,R
16002,Kurt Turns Evil,,ok,https://www.rottentomatoes.com/m/an_evil_tale,An Evil Tale,,,,,,
16006,Because of a Boy,,ok,https://www.rottentomatoes.com/m/broth_of_a_boy,Broth of a Boy,,,,,,
16028,They,,ok,https://www.rottentomatoes.com/m/they_will_kill_you,They Will Kill You,,65,POSITIVE,77,POSITIVE,R
16029,Tree of Knowledge,,ok,https://www.rottentomatoes.com/m/kundskabens_trae_2015,The Tree of Knowledge,,,,,,
16032,Midsummer,,ok,https://www.rottentomatoes.com/m/1090918-midsummer_nights_dream,William Shakespeare's A Midsummer Night's Dream,,66,POSITIVE,60,POSITIVE,PG-13
16034,Remix,,ok,https://www.rottentomatoes.com/m/kites,Kites: The Remix,,70,POSITIVE,53,NEGATIVE,
16040,Veninder,,ok,https://www.rottentomatoes.com/m/sisterhood_of_the_traveling_pants,The Sisterhood of the Traveling Pants,,82,POSITIVE,77,POSITIVE,PG
16042,AKA Tommy Chong,,ok,https://www.rottentomatoes.com/m/aka_tommy_chong,A/K/A Tommy Chong,,74,POSITIVE,80,POSITIVE,
16057,The Last Confession of Alexander Pearce,,ok,https://www.rottentomatoes.com/m/last_confessions_of_the_cannibal_the_strange_story_of_alexander_pearce,Last Confessions of The Cannibal: The Strange Story of Alexander Pearce,,,,,,
16059,Oneway-Ticket to Korsør,,ok,https://www.rottentomatoes.com/m/bilet_na_ksiezyc,One Way Ticket to the Moon,,,,44,NEGATIVE,
16063,Lee Evans: The Ultimate Experience,,ok,https://www.rottentomatoes.com/m/ultimate_gift,The Ultimate Gift,,32,NEGATIVE,84,POSITIVE,PG
16068,Babylon 5: The Legend of the Rangers - To Live and Die in Starlight,,ok,https://www.rottentomatoes.com/m/babylon_5_the_legend_of_the_rangers,Babylon 5: Legend of the Rangers,,,,41,NEGATIVE,
16074,Mountain Patrol,,ok,https://www.rottentomatoes.com/m/mountain_patrol_2006,Mountain Patrol: Kekexili,,98,POSITIVE,90,POSITIVE,PG-13
16076,Screwed in Tallinn: A Small Film About Loneliness,,ok,https://www.rottentomatoes.com/m/my_room_on_this_earth_a_small_film_about_a_big_song,My Room on This Earth: A Small Film About a Big Song,,,,,,
16091,Aftermath: Population Zero,,ok,https://www.rottentomatoes.com/m/population_zero,Population Zero,,78,POSITIVE,49,NEGATIVE,
16100,"Lynyrd Skynyrd - Freebird, The Movie & Tribute Tour",,ok,https://www.rottentomatoes.com/m/doraemon_nobita_and_the_new_steel_troops_angel_wings,Doraemon: Nobita and the New Steel Troops - Angel Wings,,,,86,POSITIVE,
16114,Feet of Flames,,ok,https://www.rottentomatoes.com/m/michael-flatleys-feet-of-flames,Michael Flatley's Feet of Flames,,,,97,POSITIVE,
16126,Flight of the Living Dead,,ok,https://www.rottentomatoes.com/m/plane_dead,Flight of the Living Dead: Outbreak on a Plane,,89,POSITIVE,34,NEGATIVE,
16130,La Classe américaine,,ok,https://www.rottentomatoes.com/m/bring_it_on_in_it_to_win_it,Bring It On: In It to Win It,,,,70,POSITIVE,PG-13
16140,Death Note: The Last Name,,ok,https://www.rottentomatoes.com/m/death_note_the_last_name,Death Note 2: The Last Name,,80,POSITIVE,83,POSITIVE,
16143,Nitro,,ok,https://www.rottentomatoes.com/m/nitro_circus_the_movie_3d_2012,Nitro Circus: The Movie (2012),,6,NEGATIVE,61,POSITIVE,PG-13
16190,Žižek!,,ok,https://www.rottentomatoes.com/m/zizek,Zizek!,,64,POSITIVE,74,POSITIVE,
16193,U-900,,ok,https://www.rottentomatoes.com/m/the_man_from_uncle,The Man From U.N.C.L.E.,,68,POSITIVE,73,POSITIVE,PG-13
16194,Not Quite Hollywood,,ok,https://www.rottentomatoes.com/m/not_quite_hollywood,"Not Quite Hollywood: The Wild, Untold Story of Ozploitation!",,95,POSITIVE,80,POSITIVE,R
16201,Armbryterskan från Ensamheten,,ok,https://www.rottentomatoes.com/m/armbryterskan_fran_ensamheten,Armbryterskan Fran Ensamheten,,,,,,
16202,Cedric the Entertainer: Starting Lineup,,ok,https://www.rottentomatoes.com/m/johnson_family_vacation,Johnson Family Vacation,,6,NEGATIVE,44,NEGATIVE,PG-13
16213,Christopher Titus: Norman Rockwell is Bleeding,,ok,https://www.rottentomatoes.com/m/romeo_is_bleeding,Romeo Is Bleeding,,28,NEGATIVE,61,POSITIVE,R
16224,Plastic Little: The Adventures of Captain Tita,,ok,https://www.rottentomatoes.com/m/the_adventures_of_captain_zoom_in_outer_space,The Adventures of Captain Zoom in Outer Space,,,,,,TV-PG
16228,Street Fighter Alpha: Generations,,ok,https://www.rottentomatoes.com/m/street-fighter-alpha-generations,Street Fighter Alpha,,,,48,NEGATIVE,
16238,"How I Unleashed World War II, Part II: Following the Arms",,ok,https://www.rottentomatoes.com/m/world_war_ii_history_archives_part_1,World War II History Archives Part 1,,,,,,
16257,Street Fighter IV: The Ties That Bind,,ok,https://www.rottentomatoes.com/m/the_suspicions_of_mr_whicher_the_ties_that_bind,The Suspicions of Mr. Whicher: The Ties That Bind,,,,,,
16264,Badi,,ok,https://www.rottentomatoes.com/m/badi_bahen,Badi Bahen,,,,,,
16272,Männersache,,ok,https://www.rottentomatoes.com/m/date_and_switch,Date and Switch,,30,NEGATIVE,38,NEGATIVE,R
16275,Dave Chappelle: Killin' Them Softly,,ok,https://www.rottentomatoes.com/m/killing_them_softly,Killing Them Softly,,74,POSITIVE,45,NEGATIVE,R
16276,The Tiger Brigades,,ok,https://www.rottentomatoes.com/m/tiger_brigades,Tiger Brigades,,,,41,NEGATIVE,
16289,Armin Only: The Next Level,,ok,https://www.rottentomatoes.com/m/jumanji_the_next_level,Jumanji: The Next Level,,71,POSITIVE,87,POSITIVE,PG-13
16290,Jackass 3D,,ok,https://www.rottentomatoes.com/m/jackass_3,Jackass 3,,67,POSITIVE,69,POSITIVE,R
16301,End of the Century: The Story of the Ramones,,ok,https://www.rottentomatoes.com/m/end_of_the_century_the_story_of_the_ramones,End of the Century,,95,POSITIVE,94,POSITIVE,
16304,Creepshow 3,,ok,https://www.rottentomatoes.com/m/creepshow_3,Creepshow III,,0,NEGATIVE,10,NEGATIVE,R
16321,Zu Warriors,,ok,https://www.rottentomatoes.com/m/warriors_from_the_magic_mountain,"Zu, Warriors From the Magic Mountain",,100,POSITIVE,77,POSITIVE,
16336,"A man, a fjord!",,ok,https://www.rottentomatoes.com/m/a_man_betrayed,A Man Betrayed,,,,,,
16337,The Texas Chainsaw Massacre 2,,ok,https://www.rottentomatoes.com/m/texas_chainsaw_massacre_2,The Texas Chainsaw Massacre Part 2,,50,NEGATIVE,47,NEGATIVE,
16339,Barney: Let's Go to the Farm,,ok,https://www.rottentomatoes.com/m/barney_lets_go_to_the_zoo,Barney: Let's Go to the Doctor,,,,43,NEGATIVE,
16341,Barney: Let's Make Music,,ok,https://www.rottentomatoes.com/m/barney_lets_make_music,Let's Make Music,,,,17,NEGATIVE,
16345,Billu,,ok,https://www.rottentomatoes.com/m/billu-barber,Billu Barber,,60,POSITIVE,47,NEGATIVE,
16348,Robert Gustafsson: Ja 'ä inte bitter,,ok,https://www.rottentomatoes.com/m/the_100_year_old_man_who_climbed_out_the_window_and_disappeared,The 100-Year-Old Man Who Climbed Out the Window and Disappeared,,68,POSITIVE,69,POSITIVE,R
16355,Sonic the Hedgehog: The Movie,,ok,https://www.rottentomatoes.com/m/sonic_the_hedgehog_3,Sonic the Hedgehog 3,,85,POSITIVE,95,POSITIVE,PG
16378,The Rutles: All You Need Is Cash,,ok,https://www.rottentomatoes.com/m/the_rutles,The Rutles,,,,100,POSITIVE,TV-PG
16402,Patlabor WXIII the Movie,,ok,https://www.rottentomatoes.com/m/wxiii_wasted_13_patlabor_the_movie_3,WXIII: Patlabor the Movie 3,,54,NEGATIVE,59,NEGATIVE,R
16404,Out Live,,ok,https://www.rottentomatoes.com/m/cracker_and_camper_van_beethoven_the_first_annual_camp_out_live,Cracker & Camper Van Beethoven - The First Annual Camp Out Live,,,,,,
16405,Dust,,ok,https://www.rottentomatoes.com/m/dust_bunny,Dust Bunny,,84,POSITIVE,82,POSITIVE,R
16419,Oh Schucks...! Here Comes UNTAG,,ok,https://www.rottentomatoes.com/m/oh_shucks_here_comes_untag,Oh Shucks! Here Comes UNTAG,,,,,,
16421,Die Eylandt Recherche,,ok,https://www.rottentomatoes.com/m/hector_and_the_search_for_happiness,Hector and the Search for Happiness,,38,NEGATIVE,61,POSITIVE,R
16440,Tales of the Black Freighter,,ok,https://www.rottentomatoes.com/m/watchmen_tales_of_the_black_freighter_and_under_the_hood,Watchmen: Tales of the Black Freighter & Under the Hood,,,,63,POSITIVE,R
16444,The First of the Few,,ok,https://www.rottentomatoes.com/m/spitfire_1942,Spitfire (1942),,,,61,POSITIVE,
16454,Zach Galifianakis: Look Who it Isn't,,ok,https://www.rottentomatoes.com/m/its-kind-of-a-funny-story,It's Kind of a Funny Story,,58,NEGATIVE,66,POSITIVE,PG-13
16464,Traffic Crossing Leeds Bridge,,ok,https://www.rottentomatoes.com/m/crossing_the_bridge_the_sound_of_istanbul,Crossing the Bridge: The Sound of Istanbul,,89,POSITIVE,87,POSITIVE,
16486,The Spirit of Christmas: Jesus vs. Frosty,,ok,https://www.rottentomatoes.com/m/the_spirit_of_christmas_2015,The Spirit of Christmas (2015),,,,65,POSITIVE,TV-PG
16487,The Spirit of Christmas: Jesus vs. Santa,,ok,https://www.rottentomatoes.com/m/the_spirit_of_christmas_2015,The Spirit of Christmas (2015),,,,65,POSITIVE,TV-PG
16513,I-4: Loafing and Camouflage,,ok,https://www.rottentomatoes.com/m/one_and_four,One and Four,,,,,,
16516,Clannad: The Motion Picture,,ok,https://www.rottentomatoes.com/m/star_trek_the_motion_picture,Star Trek: The Motion Picture,,51,NEGATIVE,42,NEGATIVE,G
16532,The Zebra Force,,ok,https://www.rottentomatoes.com/m/the_zebra_force,Zebra Force,,,,,,R
16539,Zus & Zo,,ok,https://www.rottentomatoes.com/m/zus_and_zo_2003,Hotel Paraiso,,40,NEGATIVE,38,NEGATIVE,
16545,I Vicerè,,ok,https://www.rottentomatoes.com/m/i_vicere_2007,Viceroys (2007),,,,38,NEGATIVE,
16576,Cheeni Kum,,ok,https://www.rottentomatoes.com/m/cheeni_kum,Less Sugar,,,,68,POSITIVE,
16612,Carmencita,,ok,https://www.rottentomatoes.com/m/biyaya_ng_lupa,Biyaya ng lupa,,,,,,
16613,Clown and His Dogs,,ok,https://www.rottentomatoes.com/m/cats_and_dogs,Cats & Dogs,,52,NEGATIVE,32,NEGATIVE,PG
16622,A Good Beer,,ok,https://www.rottentomatoes.com/m/boonie_bears_forest_frenzy_18_be_a_good_dog,Boonie Bears Forest Frenzy 18: Be A Good Dog,,,,,,
16624,Blacksmithing Scene,,ok,https://www.rottentomatoes.com/m/scenes_from_a_marriage,Scenes From a Marriage,,88,POSITIVE,95,POSITIVE,PG
16632,100 Days with Mr. Arrogant,,ok,https://www.rottentomatoes.com/m/naesarang-ssagaji-100-days-with-mr-arrogantslave-love,Naesarang ssagaji (100 Days with Mr. Arrogant)(Slave Love),,,,65,POSITIVE,
16652,Happily N'Ever After 2,,ok,https://www.rottentomatoes.com/m/happily-never-after-2,Happily N'Ever After 2: Snow White: Another Bite at the Apple,,,,21,NEGATIVE,
16654,John Mayer: Any Given Thursday,,ok,https://www.rottentomatoes.com/m/any_given_sunday,Any Given Sunday,,51,NEGATIVE,73,POSITIVE,R
16666,War Dance,,ok,https://www.rottentomatoes.com/m/wardance,War/Dance,,85,POSITIVE,91,POSITIVE,PG-13
16686,Varg Veum - Bitter Flowers,,ok,https://www.rottentomatoes.com/m/bitter_flowers,Bitter Flowers,,,,,,
16702,Israeli Intelligence,,ok,https://www.rottentomatoes.com/m/ai_artificial_intelligence,A.I.: Artificial Intelligence,,76,POSITIVE,64,POSITIVE,PG-13
16766,Japan Sinks,,ok,https://www.rottentomatoes.com/m/nihon_chinbotsu,Sinking of Japan,,,,29,NEGATIVE,
16774,Hellboy Animated: Sword of Storms,,ok,https://www.rottentomatoes.com/m/hellboy_sword_of_storms,Hellboy: Sword of Storms,,,,56,NEGATIVE,TV-PG
16783,Electric Apricot,,ok,https://www.rottentomatoes.com/m/national_lampoon_presents_electric_apricot_quest_for_festeroo,Electric Apricot: Quest for Festeroo,,,,72,POSITIVE,R
16788,Action Man - Past Performance,,ok,https://www.rottentomatoes.com/m/man_with_no_past,Man With No Past,,,,,,R
16789,Action Man - The Outside Edge,,ok,https://www.rottentomatoes.com/m/outside_man,The Outside Man,,40,NEGATIVE,80,POSITIVE,PG
16820,F/X2,,ok,https://www.rottentomatoes.com/m/fx_2_the_deadly_art_of_illusion,FX2,,38,NEGATIVE,36,NEGATIVE,PG-13
16839,G:MT Greenwich Mean Time,,ok,https://www.rottentomatoes.com/m/gmt-greenwich-mean-time,G:MT,,,,70,POSITIVE,
16841,Vaclav,,ok,https://www.rottentomatoes.com/m/vaclav,Václav,,,,77,POSITIVE,
16843,11:11,,ok,https://www.rottentomatoes.com/m/11_11_11,11-11-11,,8,NEGATIVE,12,NEGATIVE,PG-13
16846,Gingerdead Man 2: The Passion of the Crust,,ok,https://www.rottentomatoes.com/m/the-gingerdead-man-2,Gingerdead Man 2: Passion of the Crust,,,,20,NEGATIVE,
16853,In the Shadow of the Raven,,ok,https://www.rottentomatoes.com/m/i-skugga-hrafnsins-in-the-shadow-of-the-raven,The Shadow of the Raven,,,,64,POSITIVE,
16856,Qlimax 2008: Next Dimensional World,,ok,https://www.rottentomatoes.com/m/small_world_2008,Small World (2008),,,,,,
16860,RahXephon: Pluralitas Concentio,,ok,https://www.rottentomatoes.com/m/rahxephon_the_motion_picture,RahXephon: The Motion Picture,,,,82,POSITIVE,
16863,Crash Test Dummies,,ok,https://www.rottentomatoes.com/m/crash-test-dummies,Crash Test,,,,67,POSITIVE,
16864,Meet the Raisins!,,ok,https://www.rottentomatoes.com/m/meet_the_parents,Meet the Parents,,85,POSITIVE,79,POSITIVE,PG-13
16865,Raisins Sold Out: The California Raisins II,,ok,https://www.rottentomatoes.com/m/substitute_2_schools_out,The Substitute 2: School's Out,,0,NEGATIVE,29,NEGATIVE,R
16882,The Guard Post,,ok,https://www.rottentomatoes.com/m/the_guard_post_2008,GP506 (2008),,,,39,NEGATIVE,
16884,Anders Matthesen - Anden på coke?,,ok,https://www.rottentomatoes.com/m/toscana,Toscana,,83,POSITIVE,40,NEGATIVE,
16886,Frankie Is a Womanizer,,ok,https://www.rottentomatoes.com/m/this_is_a_film_about_my_mother,This Is a Film About My Mother,,,,,,
16902,The Private Lives of Elizabeth and Essex,,ok,https://www.rottentomatoes.com/m/1142171-private_lives_of_elizabeth_and_essex,Elizabeth the Queen,,80,POSITIVE,65,POSITIVE,
16910,Naruto the Movie: Legend of the Stone of Gelel,,ok,https://www.rottentomatoes.com/m/naruto_the_movie_2_legend_of_the_stone_of_gelel,Naruto the Movie 2: Legend of the Stone of Gelel,,,,79,POSITIVE,
16930,The Car Keys,,ok,https://www.rottentomatoes.com/m/la_dame_dans_lauto_avec_un_fusil_et_des_lunettes,The Lady in the Car With Glasses and a Gun,,80,POSITIVE,47,NEGATIVE,
16978,Father's Best Children,,ok,https://www.rottentomatoes.com/m/in-the-best-interest-of-the-children,In the Best Interest of the Children,,,,82,POSITIVE,TV-PG
16982,Spotswood,,ok,https://www.rottentomatoes.com/m/the_efficiency_expert,The Efficiency Expert,,67,POSITIVE,50,NEGATIVE,PG
16983,Clarkson: Supercar Showdown,,ok,https://www.rottentomatoes.com/m/showdown_at_the_grand,Showdown at the Grand,,100,POSITIVE,63,POSITIVE,
16984,Clarkson: The Good The Bad The Ugly,,ok,https://www.rottentomatoes.com/m/the_good_the_bad_and_the_ugly,"The Good, the Bad and the Ugly",,97,POSITIVE,97,POSITIVE,R
16990,Escaflowne: The Movie,,ok,https://www.rottentomatoes.com/m/escaflowne_the_movie,Escaflowne,,43,NEGATIVE,68,POSITIVE,PG-13
16999,Fire and Ice: The Dragon Chronicles,,ok,https://www.rottentomatoes.com/m/fire-ice-the-dragon-chronicles,Fire & Ice,,,,23,NEGATIVE,
17000,Coldplay: Live 2003,,ok,https://www.rottentomatoes.com/m/coldplay_live_2003,Coldplay Live 2012,,,,100,POSITIVE,
17002,Leur morale… et la nôtre,,ok,https://www.rottentomatoes.com/m/1213628-leur_morale_et_la_notre,Leur morale... et la nôtre,,,,20,NEGATIVE,
17008,Die Geschichte vom Brandner Kaspar,,ok,https://www.rottentomatoes.com/m/die_geschichte_vom_goldenen_taler,Die Geschichte vom goldenen Taler,,,,,,
17013,Perfect Future,,ok,https://www.rottentomatoes.com/m/the_future_perfect_2016,The Future Perfect (2016),,100,POSITIVE,,,
17023,Billy Joel: Live from the River of Dreams,,ok,https://www.rottentomatoes.com/m/the_river_of_my_dreams_a_portrait_of_gordon_pinsent,The River of My Dreams: A Portrait of Gordon Pinsent,,,,,,
17025,Look,,ok,https://www.rottentomatoes.com/m/dont_look_up_2021,Don't Look Up (2021),,56,NEGATIVE,78,POSITIVE,R
17035,The Amateurs,,ok,https://www.rottentomatoes.com/m/the-amateurs,The Amateurs (The Moguls) (Dirty Movie),,19,NEGATIVE,54,NEGATIVE,
17041,Sold Out: A Threevening with Kevin Smith,,ok,https://www.rottentomatoes.com/m/cop_out,Cop Out,,18,NEGATIVE,39,NEGATIVE,R
17080,Pistvakt,,ok,https://www.rottentomatoes.com/m/the_kill_list,The Kill List,,,,,,
17084,The Reality of Bob Burnquist,,ok,https://www.rottentomatoes.com/m/on_the_edge_of_reality,On the Edge of Reality,,,,,,
17088,Banned from Television,,ok,https://www.rottentomatoes.com/m/banned_from_broadcast_saiko_the_large_family,Banned From Broadcast: Saiko! The Large Family,,,,,,
17091,Docking the Boat,,ok,https://www.rottentomatoes.com/m/the_boys_in_the_boat,The Boys in the Boat,,57,NEGATIVE,96,POSITIVE,PG-13
17094,The Tour,,ok,https://www.rottentomatoes.com/m/billie_eilish_hit_me_hard_and_soft_the_tour_live_in_3d,Billie Eilish - Hit Me Hard and Soft: The Tour (Live in 3D),,91,POSITIVE,97,POSITIVE,PG-13
17099,Hanzo the Razor: Sword of Justice,,ok,https://www.rottentomatoes.com/m/goyokiba-hanzo-the-razor-sword-of-justice,The Razor: Sword of Justice,,,,68,POSITIVE,
17101,Bleach the Movie: The DiamondDust Rebellion,,ok,https://www.rottentomatoes.com/m/bleach-the-diamonddust-rebellion,Bleach: The Diamond Dust Rebellion,,,,87,POSITIVE,
17109,Rush: Exit... Stage Left,,ok,https://www.rottentomatoes.com/m/picture_perfect_mysteries_exit_stage_death,"Picture Perfect Mysteries: Exit, Stage Death",,,,,,
17112,Rush: Chronicles,,ok,https://www.rottentomatoes.com/m/the-adventures-of-young-indiana-jones-my-first-adventure,The Young Indiana Jones Chronicles: My First Adventure,,,,43,NEGATIVE,TV-PG
17114,Rush: A Show of Hands,,ok,https://www.rottentomatoes.com/m/show_of_force,A Show of Force,,,,27,NEGATIVE,R
17118,Rush: R30,,ok,https://www.rottentomatoes.com/m/rush_hour,Rush Hour,,62,POSITIVE,79,POSITIVE,PG-13
17119,Rush: Grace Under Pressure Tour,,ok,https://www.rottentomatoes.com/m/grace_under_pressure,Grace Under Pressure,,,,,,
17128,Hanzo the Razor: The Snare,,ok,https://www.rottentomatoes.com/m/razor_2_the_snare,The Razor: The Snare,,,,78,POSITIVE,
17129,Hanzo the Razor: Who's Got the Gold?,,ok,https://www.rottentomatoes.com/m/hanzo-the-razor,The Razor: Who's Got the Gold?,,,,66,POSITIVE,
17141,Blood Car,,ok,https://www.rottentomatoes.com/m/1187599-blood_car,Bloodcar,,60,POSITIVE,50,NEGATIVE,
17172,Swedes at Sea,,ok,https://www.rottentomatoes.com/m/queen_at_sea,Queen at Sea,,95,POSITIVE,,,
17186,Supercross,,ok,https://www.rottentomatoes.com/m/supercross,Supercross: The Movie,,5,NEGATIVE,61,POSITIVE,PG-13
17189,Battle Angel,,ok,https://www.rottentomatoes.com/m/alita_battle_angel,Alita: Battle Angel,,61,POSITIVE,91,POSITIVE,PG-13
17192,Apartheid's Last Stand,,ok,https://www.rottentomatoes.com/m/the_last_stand_of_ellen_cole,The Last Stand of Ellen Cole,,,,,,
17193,"My Daughter, My Angel",,ok,https://www.rottentomatoes.com/m/ma_fille_mon_ange,"Ma Fille, Mon Ange",,,,20,NEGATIVE,
17195,The Cell Phone Revolution,,ok,https://www.rottentomatoes.com/m/the_presidents_cell_phone,The President's Cell Phone,,,,,,
17199,The Left-Hand Side of the Fridge,,ok,https://www.rottentomatoes.com/m/la-moitie-gauche-du-frigo-the-lefthand-side-of-the-fridge,The Left Side of the Fridge,,,,76,POSITIVE,
17208,Paradise Lost 2: Revelations,,ok,https://www.rottentomatoes.com/m/paradise_lost_2_revelations,Revelations: Paradise Lost 2,,92,POSITIVE,84,POSITIVE,
17210,National Geographic: Journey to the Edge of the Universe,,ok,https://www.rottentomatoes.com/m/journey_to_the_edge_of_the_universe,Journey to the Edge of the Universe,,,,84,POSITIVE,
17217,The Agony of People,,ok,https://www.rottentomatoes.com/m/pygmies_the_agony_of_the_green_god,Pygmies: The Agony of the Green God,,,,,,
17227,Jacquou the Rebel,,ok,https://www.rottentomatoes.com/m/vasco_the_rebel,Vasco The Rebel,,,,,,
17242,The Third Nail,,ok,https://www.rottentomatoes.com/m/den_tredje_vagen,The Third Wave,,,,62,POSITIVE,
17243,Lee Evans: Big,,ok,https://www.rottentomatoes.com/m/cowboy_and_the_senorita,The Cowboy and the Senorita,,,,,,
17262,National Geographic Ultimate Shark,,ok,https://www.rottentomatoes.com/m/national_geographic_pupparazzi,National Geographic: Pupparazzi,,,,,,
17272,Ali G: Bling Bling,,ok,https://www.rottentomatoes.com/m/bring_it_all_back_home,Bring It All Back Home,,,,,,
17323,Didine,,ok,https://www.rottentomatoes.com/m/the_divine_2025,The Divine (2025),,,,,,
17330,The Black Swindler,,ok,https://www.rottentomatoes.com/m/eiga-kurosagi,Eiga: Kurosagi,,,,56,NEGATIVE,
17331,Suck My Geek!,,ok,https://www.rottentomatoes.com/m/my_fault_london,My Fault: London,,,,83,POSITIVE,
17350,The Brice Man,,ok,https://www.rottentomatoes.com/m/the_brice_man,Brice the Nice,,,,50,NEGATIVE,
17354,Acústico MTV: Zeca Pagodinho,,ok,https://www.rottentomatoes.com/m/emicida_amarelo_its_all_for_yesterday,Emicida: AmarElo - É Tudo Pra Ontem,,,,84,POSITIVE,
17356,Evanescence: Anywhere But Home,,ok,https://www.rottentomatoes.com/m/four_christmases,Four Christmases,,24,NEGATIVE,47,NEGATIVE,PG-13
17359,News from a Personal War,,ok,https://www.rottentomatoes.com/m/from_two_men_and_a_war,From Two Men and a War,,,,,,
17360,Escape to Victory,,ok,https://www.rottentomatoes.com/m/1022576-victory,Victory,,70,POSITIVE,71,POSITIVE,PG
17384,A New Journey: Live at Slane Castle,,ok,https://www.rottentomatoes.com/m/a_brand_new_journey,A Brand New Journey,,,,,,
17398,Kylie Minogue: Showgirl - The Greatest Hits Tour,,ok,https://www.rottentomatoes.com/m/the_greatest_hits,The Greatest Hits,,51,NEGATIVE,66,POSITIVE,PG-13
17399,Zappa Plays Zappa,,ok,https://www.rottentomatoes.com/m/frank_zappa_zappa_plays_zappa,Frank Zappa: Phase II - The Big Note,,,,100,POSITIVE,
17400,Avril Lavigne: The Best Damn Tour - Live in Toronto,,ok,https://www.rottentomatoes.com/m/billie_eilish_hit_me_hard_and_soft_the_tour_live_in_3d,Billie Eilish - Hit Me Hard and Soft: The Tour (Live in 3D),,91,POSITIVE,97,POSITIVE,PG-13
17415,The Wiggles: Go Bananas,,ok,https://www.rottentomatoes.com/m/wiggles_pop_go_the_wiggles,The Wiggles: Go Santa Go,,,,,,
17418,Romaine 30° Below,,ok,https://www.rottentomatoes.com/m/romaine-par-moins-30,Romaine 30 Below,,,,27,NEGATIVE,
17456,BloodRayne II: Deliverance,,ok,https://www.rottentomatoes.com/m/bloodrayne_2_deliverance,BloodRayne 2: Deliverance,,,,14,NEGATIVE,R
17467,Riki-Oh: The Story of Ricky,,ok,https://www.rottentomatoes.com/m/riki_oh_the_story_of_ricky_2002,Riki-Oh,,89,POSITIVE,85,POSITIVE,R
17470,Arc,,ok,https://www.rottentomatoes.com/m/chainsaw_man_the_movie_reze_arc,Chainsaw Man - The Movie: Reze Arc,,96,POSITIVE,98,POSITIVE,R
17480,"That's It, That's All",,ok,https://www.rottentomatoes.com/m/its_all_over_the_kiss_that_changed_spanish_football,It's All Over: The Kiss That Changed Spanish Football,,,,,,
17501,Don,,ok,https://www.rottentomatoes.com/m/good_luck_have_fun_dont_die,"Good Luck, Have Fun, Don't Die",,82,POSITIVE,84,POSITIVE,R
17532,S. Darko,,ok,https://www.rottentomatoes.com/m/s_darko_a_donnie_darko_tale,S. Darko: A Donnie Darko Tale,,13,NEGATIVE,18,NEGATIVE,R
17575,Only Clouds Move the Stars,,ok,https://www.rottentomatoes.com/m/the-way-to-the-stars,The Way to the Stars,,,,77,POSITIVE,
17580,Crusty Demons 13: Unleash Hell,,ok,https://www.rottentomatoes.com/m/crusty_demons_global_assault_tour,Crusty Demons - Global Assault Tour,,,,,,
17586,Legends – Live At Montreux,,ok,https://www.rottentomatoes.com/m/ray_charles_live_at_montreux_1997,Ray Charles Live at Montreux 1997,,,,,,
17591,The Battle of the River Plate,,ok,https://www.rottentomatoes.com/m/pursuit_of_the_graf_spee,Pursuit of the Graf Spee,,82,POSITIVE,69,POSITIVE,
17594,Afterbang,,ok,https://www.rottentomatoes.com/m/the_afterman,The Afterman,,,,,,
17602,Macheads,,ok,https://www.rottentomatoes.com/m/tona_machetes,Toña Machetes,,,,,,
17608,Rhys Darby Live - Imagine That!,,ok,https://www.rottentomatoes.com/m/1190964-imagine_that,Imagine That,,41,NEGATIVE,41,NEGATIVE,PG
17626,Jonatan Spang: Ladies,,ok,https://www.rottentomatoes.com/m/all_for_two,All for Two,,,,,,
17631,Mid-August Lunch,,ok,https://www.rottentomatoes.com/m/mid_august_lunch,Pranzo di Ferragosto,,88,POSITIVE,70,POSITIVE,
17653,The Legend,,ok,https://www.rottentomatoes.com/m/shang_chi_and_the_legend_of_the_ten_rings,Shang-Chi and the Legend of the Ten Rings,,92,POSITIVE,98,POSITIVE,PG-13
17668,Ben Harper: Pleasure and Pain,,ok,https://www.rottentomatoes.com/m/ben_harper_pleasure_and_pain,Pleasure and Pain,,,,80,POSITIVE,
17671,Fleetwood Mac: The Dance,,ok,https://www.rottentomatoes.com/m/fleetwood_mac_tango_in_the_night,Fleetwood Mac - Tango in the Night,,,,,,
17673,Neil Diamond: Greatest Hits Live,,ok,https://www.rottentomatoes.com/m/girls_aloud_the_greatest_hits_live_from_wembley_arena_2006,Girls Aloud: The Greatest Hits Live from Wembley Arena 2006 (2006),,,,,,
17678,Ghost Rider 3 Goes Crazy in Europe,,ok,https://www.rottentomatoes.com/m/ghost_mine,The Lone Rider in Ghost Town,,,,,,
17682,CIA - America's Secret Warriors,,ok,https://www.rottentomatoes.com/m/camp_confidential_americas_secret_nazis,Camp Confidential: America's Secret Nazis,,100,POSITIVE,70,POSITIVE,PG-13
17691,4 for Texas,,ok,https://www.rottentomatoes.com/m/four_for_texas,Four for Texas,,11,NEGATIVE,36,NEGATIVE,
17692,Jaws 3-D,,ok,https://www.rottentomatoes.com/m/jaws_3,Jaws III,,10,NEGATIVE,17,NEGATIVE,PG
17693,A Light Sleep,,ok,https://www.rottentomatoes.com/m/a_good_night_sleep_for_the_bad,A Good Night Sleep for the Bad,,,,,,
17696,Robin and the 7 Hoods,,ok,https://www.rottentomatoes.com/m/robin_and_the_seven_hoods,Robin and the Seven Hoods,,40,NEGATIVE,70,POSITIVE,
17700,Deep Sea 3D,,ok,https://www.rottentomatoes.com/m/deep_sea_3d,Deep Sea,,91,POSITIVE,79,POSITIVE,G
17701,IMAX: Galapagos 3D,,ok,https://www.rottentomatoes.com/m/planet_power_an_imax_3d_experience,Planet Power: An IMAX 3D Experience,,,,,,
17706,Two Years In Galapagos,,ok,https://www.rottentomatoes.com/m/1079716-seven_years_in_tibet,Seven Years in Tibet,,57,NEGATIVE,73,POSITIVE,PG-13
17712,Lisa Lampanelli: Dirty Girl,,ok,https://www.rottentomatoes.com/m/dirty_girl_2011,Dirty Girl,,35,NEGATIVE,53,NEGATIVE,R
17738,The Condor,,ok,https://www.rottentomatoes.com/m/three_days_of_the_condor,Three Days of the Condor,,88,POSITIVE,83,POSITIVE,R
17767,One Night with Robbie Williams,,ok,https://www.rottentomatoes.com/m/one_night_with_the_king,One Night With the King,,17,NEGATIVE,78,POSITIVE,PG
17780,A Kind of America 2,,ok,https://www.rottentomatoes.com/m/a_kind_of_amerika_2,A Kind of Amerika 2,,,,,,
17810,Lone Wolf and Cub: Baby Cart at the River Styx,,ok,https://www.rottentomatoes.com/m/lone_wolf_and_cub_baby_cart_at_the_river_styx,Lone Wolf and Cub 2: Baby Cart at the River Styx,,100,POSITIVE,91,POSITIVE,
17811,The Legend II,,ok,https://www.rottentomatoes.com/m/legend_2,Fong Sai-Yuk II,,,,74,POSITIVE,R
17868,U2: Vertigo 2005 - Live from Chicago,,ok,https://www.rottentomatoes.com/m/u2_elevation_live_from_boston,U2 - Elevation: Live from Boston,,,,100,POSITIVE,
17892,Radeloos,,ok,https://www.rottentomatoes.com/m/loop_2020,Loop (2020),,,,,,
17913,Three Tickets to Hollywood,,ok,https://www.rottentomatoes.com/m/3_tickets_to_paradise,3 Tickets to Paradise,,,,,,
17916,Elton John: Tantrums & Tiaras,,ok,https://www.rottentomatoes.com/m/elton_john_tantrums_and_tiaras,Tantrums & Tiaras,,,,80,POSITIVE,
17933,Primary Love,,ok,https://www.rottentomatoes.com/m/i_love_boosters,I Love Boosters,,92,POSITIVE,75,POSITIVE,R
17935,Iron & Blood: The Legend of Taras Bulba,,ok,https://www.rottentomatoes.com/m/the_conqueror_2009,The Conqueror (2009),,,,48,NEGATIVE,
17938,The Silent Star,,ok,https://www.rottentomatoes.com/m/the_silent_storm,The Silent Storm,,28,NEGATIVE,36,NEGATIVE,R
17940,Android Apocalypse,,ok,https://www.rottentomatoes.com/m/android_apocalypse,2Human,,,,9,NEGATIVE,
17958,Finn & Jacob: ... På vejen igen,,ok,https://www.rottentomatoes.com/m/smokey_and_the_bandit_ii,Smokey and the Bandit II,,25,NEGATIVE,43,NEGATIVE,PG
17959,Black Balls,,ok,https://www.rottentomatoes.com/m/max_sex_8_white_boys_ridin_8_black_bulls,Max Sex: 8 White Boys Ridin' 8 Black Bulls,,,,,,
17960,Hell,,ok,https://www.rottentomatoes.com/m/shell_2024,Shell (2024),,63,POSITIVE,26,NEGATIVE,R
17963,Gone Nutty,,ok,https://www.rottentomatoes.com/m/too_far_gone,Too Far Gone,,,,,,
17964,"Svensson, Svensson - The Movie",,ok,https://www.rottentomatoes.com/m/feel_the_beat_2018,Feel the Beat (2018),,,,,,
17968,De Scheepsjongens van Bontekoe,,ok,https://www.rottentomatoes.com/m/in-my-skin,In My Skin,,66,POSITIVE,64,POSITIVE,
17983,Jonatan Spang's Family,,ok,https://www.rottentomatoes.com/m/rental_family,Rental Family,,87,POSITIVE,95,POSITIVE,PG-13
17984,The Absent-Minded Professor,,ok,https://www.rottentomatoes.com/m/absentminded_professor,The Absent Minded Professor,,83,POSITIVE,63,POSITIVE,G
17997,Attack of the Gryphon,,ok,https://www.rottentomatoes.com/m/gryphon_2007,Gryphon (2007),,,,9,NEGATIVE,PG-13
18012,Christmas Unwrapped: The History of Christmas,,ok,https://www.rottentomatoes.com/m/the_legend_of_the_christmas_witch_2_the_origins,The Legend of the Christmas Witch 2: The Origins,,,,,,
18018,"Backstreet Boys: Live From The O2 Arena, London",,ok,https://www.rottentomatoes.com/m/babymetal_live_at_the_o2_arena,Babymetal - Live At the O2 Arena,,,,,,
18038,Holiday Reunion,,ok,https://www.rottentomatoes.com/m/thanksgiving_family_reunion,National Lampoon's Thanksgiving Reunion,,,,30,NEGATIVE,PG-13
18051,Timecop: The Berlin Decision,,ok,https://www.rottentomatoes.com/m/timecop-2,Timecop 2: The Berlin Decision,,,,26,NEGATIVE,R
18052,Cereal Killerz,,ok,https://www.rottentomatoes.com/m/cereal_killers_movie,Cereal Killers,,,,83,POSITIVE,
18053,Heroes For A Day,,ok,https://www.rottentomatoes.com/m/inseparable,Inseparable,,,,82,POSITIVE,PG-13
18054,One With The Gun,,ok,https://www.rottentomatoes.com/m/man_with_the_gun,Man With the Gun,,,,45,NEGATIVE,
18055,Gallipoli: The Untold Stories,,ok,https://www.rottentomatoes.com/m/inside_iraq_the_untold_stories,Inside Iraq The Untold Stories,,80,POSITIVE,33,NEGATIVE,
18060,Beast Stalker,,ok,https://www.rottentomatoes.com/m/beast_stalker,The Beast Stalker,,100,POSITIVE,68,POSITIVE,
18066,The Gunpowder Plot: Exploding the Legend,,ok,https://www.rottentomatoes.com/m/the-plot-against-harry,The Plot Against Harry,,100,POSITIVE,92,POSITIVE,
18113,National Lampoon Presents Dorm Daze,,ok,https://www.rottentomatoes.com/m/dorm_daze,National Lampoon's Dorm Daze,,0,NEGATIVE,26,NEGATIVE,
18119,Crusty Demons of Dirt 3: Aerial Assault,,ok,https://www.rottentomatoes.com/m/crusty_demons_of_dirt,Crusty Demons of Dirt,,,,,,
18122,The Inhabited Island 2: Rebellion,,ok,https://www.rottentomatoes.com/m/obitaemyy_ostrov_skhvatka,The Inhabited Island 2: The Battle,,,,,,
18128,Chris Rock: Bring the Pain,,ok,https://www.rottentomatoes.com/m/chris_rock_kill_the_messenger,Chris Rock: Kill the Messenger,,100,POSITIVE,92,POSITIVE,
18142,The Call-up,,ok,https://www.rottentomatoes.com/m/the_call_up,The Call Up,,,,32,NEGATIVE,
18143,She and Her Cat,,ok,https://www.rottentomatoes.com/m/kanojo-to-kanojo-no-neko-she-and-her-cat-their-standing-points,Kanojo to kanojo no neko (She and Her Cat) (Their Standing Points),,,,83,POSITIVE,
18149,Vandanam,,ok,https://www.rottentomatoes.com/m/sandhya_vandanam,Sandhya Vandanam,,,,,,
18152,Occupation 101: Voices of the Silenced Majority,,ok,https://www.rottentomatoes.com/m/the_voices_of_the_silenced,The Voices of the Silenced,,,,,,
18164,12 and Holding,,ok,https://www.rottentomatoes.com/m/twelve_and_holding,Twelve and Holding,,73,POSITIVE,79,POSITIVE,R
18169,About Last Night...,,ok,https://www.rottentomatoes.com/m/about_last_night,About Last Night ...,,65,POSITIVE,60,POSITIVE,R
18173,The American Poop Movie,,ok,https://www.rottentomatoes.com/m/the_american_poop_movie,The Connecticut Poop Movie,,,,43,NEGATIVE,
18178,Shadows,,ok,https://www.rottentomatoes.com/m/the_shadows_edge,The Shadow's Edge,,82,POSITIVE,97,POSITIVE,
18180,Wee Sing in Sillyville,,ok,https://www.rottentomatoes.com/m/sing_in_love,Sing in Love,,,,,,
18181,Manda Bala (Send a Bullet),,ok,https://www.rottentomatoes.com/m/manda_bala,Send a Bullet,,80,POSITIVE,86,POSITIVE,
18193,Head,,ok,https://www.rottentomatoes.com/m/head_full_of_honey,Head Full of Honey,,0,NEGATIVE,71,POSITIVE,PG-13
18199,Frankie Boyle: Live,,ok,https://www.rottentomatoes.com/m/national_theatre_live_skylight,National Theatre Live: Frankenstein,,,,100,POSITIVE,
18204,Willi and the wonders of this world,,ok,https://www.rottentomatoes.com/m/in_this_corner_and_other_corners_of_the_world,In This Corner (and Other Corners) of the World,,,,,,
18213,Bikini Bloodbath,,ok,https://www.rottentomatoes.com/m/bikini_bloodbath_car_wash,Bikini Bloodbath Car Wash,,,,,,
18220,Poison Ivy 2: Lily,,ok,https://www.rottentomatoes.com/m/poison_ivy_ii,Poison Ivy II: Lily,,14,NEGATIVE,36,NEGATIVE,R
18221,Space Station 3D,,ok,https://www.rottentomatoes.com/m/space_station_76,Space Station 76,,68,POSITIVE,31,NEGATIVE,R
18225,The Dog Trick,,ok,https://www.rottentomatoes.com/m/day_of_the_dog,Day of the Dog,,,,,,
18246,STRONG: The Movie,,ok,https://www.rottentomatoes.com/m/ben_10_vs_the_universe,Ben 10 vs. The Universe: The Movie,,,,55,NEGATIVE,TV-Y7
18272,Henry Rollins: Live in the Conversation Pit,,ok,https://www.rottentomatoes.com/m/in_the_house_of_flies,In the House of Flies,,,,57,NEGATIVE,
18302,Chihwaseon,,ok,https://www.rottentomatoes.com/m/chihwaseon,Drunk on Women and Poetry,,83,POSITIVE,77,POSITIVE,
18362,Doug Stanhope: No Refunds,,ok,https://www.rottentomatoes.com/m/doug_stanhopes_the_unbookables,Doug Stanhope's The Unbookables,,,,,,
18366,Célibataires,,ok,https://www.rottentomatoes.com/m/celibataires,Célibataires,,,,,,
18370,Jedes Jahr im April,,ok,https://www.rottentomatoes.com/m/sometimes_in_april,Sometimes in April,,,,95,POSITIVE,TV-MA
18371,My Tutor Friend,,ok,https://www.rottentomatoes.com/m/my-tutor-friend-lesson-ii,My Tutor Friend Lesson II,,,,64,POSITIVE,
18372,Too Beautiful to Lie,,ok,https://www.rottentomatoes.com/m/too_beautiful_to_be_a_politician,Too Beautiful to Be a Politician,,,,,,
18376,Ice Rain,,ok,https://www.rottentomatoes.com/m/the_huntsman_winters_war,The Huntsman: Winter's War,,19,NEGATIVE,45,NEGATIVE,PG-13
18382,High Octane 3,,ok,https://www.rottentomatoes.com/m/class_of_nuke_em_high_3_goodbadsubhumanoid,"Class of Nuke 'Em High 3: The Good, the Bad and the Subhumanoid",,,,21,NEGATIVE,R
18384,Scandal Makers,,ok,https://www.rottentomatoes.com/m/speed_scandal,Speed Scandal,,,,82,POSITIVE,
18404,Cattle Call,,ok,https://www.rottentomatoes.com/m/national_lampoons_cattle_call,National Lampoon's Cattle Call,,,,11,NEGATIVE,R
18409,L’incomparable Mademoiselle C.,,ok,https://www.rottentomatoes.com/m/lincomparable-mademoiselle-c,L'incomparable mademoiselle C.,,,,44,NEGATIVE,
18411,Bat Thumb,,ok,https://www.rottentomatoes.com/m/bat_thumb,Blair Thumb,,,,66,POSITIVE,
18413,The Blair Thumb,,ok,https://www.rottentomatoes.com/m/blair_witch_project,The Blair Witch Project,,86,POSITIVE,57,NEGATIVE,R
18426,Daisy,,ok,https://www.rottentomatoes.com/m/driving_miss_daisy,Driving Miss Daisy,,85,POSITIVE,81,POSITIVE,PG
18434,Crazy,,ok,https://www.rottentomatoes.com/m/crazy_stupid_love_2011,"Crazy, Stupid, Love. (2011)",,79,POSITIVE,78,POSITIVE,PG-13
18443,Decoys 2: Alien Seduction,,ok,https://www.rottentomatoes.com/m/decoys-2-alien-seduction,Decoys 2,,,,23,NEGATIVE,R
18452,Bamse i Trollskogen,,ok,https://www.rottentomatoes.com/m/i_swear_2025,I Swear (2025),,97,POSITIVE,98,POSITIVE,R
18458,Rowan Atkinson Live,,ok,https://www.rottentomatoes.com/m/bernard_and_the_genie,Bernard and the Genie,,,,76,POSITIVE,
18477,The Hills Have Eyes Part 2,,ok,https://www.rottentomatoes.com/m/hills_have_eyes_the_pt_2,The Hills Have Eyes Part II,,13,NEGATIVE,19,NEGATIVE,R
18487,The Taking of Pelham 1 2 3,,ok,https://www.rottentomatoes.com/m/the_taking_of_pelham_one_two_three,The Taking of Pelham One Two Three,,98,POSITIVE,88,POSITIVE,R
18491,Neon Genesis Evangelion: The End of Evangelion,,ok,https://www.rottentomatoes.com/m/the_end_of_evangelion,The End of Evangelion,,92,POSITIVE,87,POSITIVE,
18507,Tu£sday,,ok,https://www.rottentomatoes.com/m/tuesday_2023,Tuesday (2023),,76,POSITIVE,51,NEGATIVE,R
18510,New Tale of Zatoichi,,ok,https://www.rottentomatoes.com/m/zatoichi-the-new-tale-of-zatoichi,Masseur Ichi Enters Again,,,,84,POSITIVE,
18511,Zatoichi the Fugitive,,ok,https://www.rottentomatoes.com/m/zatoichi_the_fugitive,"Masseur Ichi, the Fugitive",,,,84,POSITIVE,
18526,BA:BO - Miracle of Giving Fool,,ok,https://www.rottentomatoes.com/m/marcelino-pan-y-vino-miracle-of-marc,The Miracle of Marcelino,,,,80,POSITIVE,
18527,Madonna: The Confessions Tour,,ok,https://www.rottentomatoes.com/m/madonna-the-drowned-world-tour-2001,Madonna: The Drowned World Tour 2001 (2001),,,,79,POSITIVE,
18545,Crusty Demons 14: A Bloodthirsty Saga,,ok,https://www.rottentomatoes.com/m/scary_movie_3,Scary Movie 3,,35,NEGATIVE,54,NEGATIVE,PG-13
18560,Soul Music,,ok,https://www.rottentomatoes.com/m/saving_soul_music_chicago,Saving Soul Music (Chicago),,,,,,
18564,Uffe Holms Flash back,,ok,https://www.rottentomatoes.com/m/flashbacks_of_a_fool,Flashbacks of a Fool,,41,NEGATIVE,51,NEGATIVE,R
18565,Mick Øgendahl: UNDSKYLD!,,ok,https://www.rottentomatoes.com/m/all_for_four,All For Four,,,,,,
18566,Mick Øgendahl: Tåfræser,,ok,https://www.rottentomatoes.com/m/all_for_four,All For Four,,,,,,
18567,Magic in Town,,ok,https://www.rottentomatoes.com/m/asterix_in_britain,Asterix in Britain,,,,77,POSITIVE,
18603,Hands on a Hardbody: The Documentary,,ok,https://www.rottentomatoes.com/m/hands_on_a_hard_body,Hands on a Hardbody,,84,POSITIVE,91,POSITIVE,PG
18604,A Global Warning?,,ok,https://www.rottentomatoes.com/m/the_antartica_challenge,The Antarctica Challenge,,,,,,
18607,Comme t'y es belle !,,ok,https://www.rottentomatoes.com/m/comme_ty_es_belle,Hey Good Looking!,,,,66,POSITIVE,
18619,Ghetto,,ok,https://www.rottentomatoes.com/m/33_photos_from_the_ghetto,33 Photos From the Ghetto,,,,,,
18653,Beyoncé: The Experience Live,,ok,https://www.rottentomatoes.com/m/beyonce_the_beyonce_experience_live,The Return of Beyonce,,,,92,POSITIVE,
18667,Swordsman III: The East Is Red,,ok,https://www.rottentomatoes.com/m/swordsman_iii_east_is_red,Swordsman III: East Is Red,,,,46,NEGATIVE,
18670,Legend of the Red Dragon,,ok,https://www.rottentomatoes.com/m/the_legend_of_the_red_dragon,The Legend of the Red Dragon,,,,,,
18672,The Legend of the Swordsman,,ok,https://www.rottentomatoes.com/m/legend_of_the_swordsman,The Legend of the Swordsman (Xiao ao jiang hu zhi: Dong Fang Bu Bai) (Swordsman II),,67,POSITIVE,76,POSITIVE,
18673,8 x 10 Tasveer,,ok,https://www.rottentomatoes.com/m/ocho_de_cada_diez,Eight Out of Ten,,,,,,
18676,The Lost Treasure of the Grand Canyon,,ok,https://www.rottentomatoes.com/m/lost_treasure_of_the_grand_canyon,Lost Treasure of the Grand Canyon,,,,16,NEGATIVE,TV-14
18715,Saving the Death,,ok,https://www.rottentomatoes.com/m/beyond_the_door_iii,Beyond the Door III,,,,17,NEGATIVE,R
18724,Attack of the 50 Foot Woman,,ok,https://www.rottentomatoes.com/m/1001323-attack_of_the_50_foot_woman,Attack of the 50-Foot Woman,,71,POSITIVE,21,NEGATIVE,
18741,Fearless Hyena 2,,ok,https://www.rottentomatoes.com/m/fearless_hyena_ii,Fearless Hyena II,,,,46,NEGATIVE,
18761,Practical Joke,,ok,https://www.rottentomatoes.com/m/practical_jokers,Practical Jokers,,,,,,
18763,Heart of Dragon,,ok,https://www.rottentomatoes.com/m/heart_of_dragon,Heart of the Dragon,,,,61,POSITIVE,R
18766,Ben Hogan: The Golf Swing,,ok,https://www.rottentomatoes.com/m/mega_blood_moon_the_freelancer,Mega Blood Moon: The Freelancer,,,,,,
18767,Island of Fire,,ok,https://www.rottentomatoes.com/m/jackie_chans_the_prisoner,Island of Fire (Huo shao dao) (Jackie Chan Is the Prisoner) (Island on Fire),,,,33,NEGATIVE,
18801,Haunted,,ok,https://www.rottentomatoes.com/m/haunted_3d_echoes_of_the_past,Haunted 3D: Echoes of the Past,,,,,,
18809,How to Irritate People,,ok,https://www.rottentomatoes.com/m/how_to_irritate_people,John Cleese on How to Irritate People,,,,78,POSITIVE,
18815,I taket lyser stjärnorna,,ok,https://www.rottentomatoes.com/m/up_among_the_stars,Up Among the Stars,,,,,,
18825,Espace détente,,ok,https://www.rottentomatoes.com/m/la_detente,La Détente,,,,,,
18837,Macross Plus: The Movie,,ok,https://www.rottentomatoes.com/m/macross_plus_movie_edition,Macross Plus Movie Edition,,,,91,POSITIVE,
18860,Swordsman,,ok,https://www.rottentomatoes.com/m/eye_for_an_eye_the_blind_swordsman,Eye for an Eye: The Blind Swordsman,,,,93,POSITIVE,
18861,Naruto the Movie: Guardians of the Crescent Moon Kingdom,,ok,https://www.rottentomatoes.com/m/naruto_movie_guardians_of_the_crescent_moon_kingdom,Naruto the Movie 3: Guardians of the Crescent Moon Kingdom,,,,76,POSITIVE,
18864,The Art of Eric Gill,,ok,https://www.rottentomatoes.com/m/shadow_man_william_stephenson_and_the_art_of_political_warfare,Shadow Man: William Stephenson and the Art of Political Warfare,,,,,,
18874,Ghost in the Shell: Stand Alone Complex - Solid State Society,,ok,https://www.rottentomatoes.com/m/ghost_in_the_shell_solid_state_society,Ghost in the Shell: Solid State Society,,,,91,POSITIVE,
18875,Making 'The Shining',,ok,https://www.rottentomatoes.com/m/taking_the_long_view_the_life_of_shiing_shen_chern,Taking the Long View: The Life of Shiing-shen Chern,,,,,,
18878,Superstars,,ok,https://www.rottentomatoes.com/m/canelo_vs_munguia_clash_of_the_mexican_superstars,Canelo vs. Munguía: Clash of the Mexican Superstars,,,,83,POSITIVE,
18888,Meat Love,,ok,https://www.rottentomatoes.com/m/pretty_dead_2013,Pretty Dead,,,,36,NEGATIVE,
18891,My Eyes Won't Dry,,ok,https://www.rottentomatoes.com/m/look_into_my_eyes_2024,Look Into My Eyes (2024),,91,POSITIVE,,,R
18903,Red Pearls of Love,,ok,https://www.rottentomatoes.com/m/tokyo_drifter_2_the_sea_is_bright_red_as_the_color_of_love,Tokyo Drifter 2: The Sea Is Bright Red as the Color of Love,,,,,,
18920,"Well, We Were Lucky with the Weather",,ok,https://www.rottentomatoes.com/m/we_were_the_mulvaneys,We Were the Mulvaneys,,,,40,NEGATIVE,TV-14
18921,"Well, We Were Lucky with the Weather – Again",,ok,https://www.rottentomatoes.com/m/way_we_were,The Way We Were,,65,POSITIVE,81,POSITIVE,PG
18936,Blue Man Group: The Complex Rock Tour Live,,ok,https://www.rottentomatoes.com/m/billie_eilish_hit_me_hard_and_soft_the_tour_live_in_3d,Billie Eilish - Hit Me Hard and Soft: The Tour (Live in 3D),,91,POSITIVE,97,POSITIVE,PG-13
18942,Nirvana: Unplugged In New York,,ok,https://www.rottentomatoes.com/m/home_alone_2_lost_in_new_york,Home Alone 2: Lost in New York,,35,NEGATIVE,62,POSITIVE,PG
18947,The Boat That Rocked,,ok,https://www.rottentomatoes.com/m/pirate_radio,Pirate Radio,,59,NEGATIVE,71,POSITIVE,R
18949,The Last Trick,,ok,https://www.rottentomatoes.com/m/trick_the_movie_last_stage,Trick The Movie: Last Stage,,,,,,
18950,A Game with Stones,,ok,https://www.rottentomatoes.com/m/a_man_with_stones,A Man With Stones,,,,,,
18952,J.S. Bach: Fantasia in G minor,,ok,https://www.rottentomatoes.com/m/paul_tortelier_testament_to_bach_cello_suite_no_1_in_g_major_bwv_1007,"Paul Tortelier, Testament to Bach, Cello Suite No. 1 in G major, BWV 1007",,,,,,
18970,Bam Margera Presents: Where The #$&% Is Santa?,,ok,https://www.rottentomatoes.com/m/bam-margera-presents-where-the-is-santa,Bam Margera Presents: Where the ... Is Santa?,,,,53,NEGATIVE,R
